,sentece,trigger_1,trigger_2,tag,label
0,"Subcontractors  will  be offered a settlement and a swift transition to new management  is expected  to avert an exodus of skilled workers from Waertsilae Marine's two big shipyards, government officials said.    ",settlement,exodus,0 0 0 0 0 prevention 0 0 0 0 0 0 0 0 0 0 0 0 effect 0 0 0 0 0 0 0 0 0 0 0 0 0 0 0 0,prevent
1,"Subcontractors  will  be offered a settlement and a swift transition to new management  is expected  to avert an exodus of skilled workers from Waertsilae Marine's two big shipyards, government officials said.    ",transition,exodus,0 0 0 0 0 0 0 0 0 prevention 0 0 0 0 0 0 0 0 effect 0 0 0 0 0 0 0 0 0 0 0 0 0 0 0 0,prevent
2,The move boosts Intelogic Chairman Asher Edelman's stake to 20% from 16.2% and may help prevent Martin Ackerman from making a run at the computer-services concern.,move,making,0 prevention 0 0 0 0 0 0 0 0 0 0 0 0 0 0 0 0 0 0 0 0 effect 0 0 0 0 0 0 0 0 0,prevent
3,"Dataproducts Inc. said it filed a lawsuit in Delaware Chancery Court to block a tender offer by DPC Acquisition Partners, alleging that the hostile offer violates a standstill agreement between the two concerns.    ",filed,offer,0 0 0 0 prevention 0 0 0 0 0 0 0 0 0 0 effect 0 0 0 0 0 0 0 0 0 effect 0 0 0 0 0 0 0 0 0 0,prevent
4,The university had sought an injunction blocking Connaught's board from recommending or supporting an offer for the company by Merieux.,sought,blocking,0 0 0 prevention 0 0 effect 0 0 0 0 0 0 0 0 0 0 0 0 0 0 0,prevent
5,The university had sought an injunction blocking Connaught's board from recommending or supporting an offer for the company by Merieux.,sought,recommending,0 0 0 prevention 0 0 0 0 0 0 0 effect 0 0 0 0 0 0 0 0 0 0,prevent
6,"In addition to the estimated 45,000 Marines to ultimately bepart of Operation Desert Shield, Stealth fighter planes and theaircraft carrier John F. Kennedy  are  also headed to Saudi Arabia  to protect it from Iraqi expansionism.   ",headed,expansionism,0 0 0 0 0 0 0 0 0 0 0 0 0 0 0 0 0 0 0 0 0 0 0 0 0 0 prevention 0 0 0 0 0 0 0 0 effect 0 0,prevent
7,The government is sharpening its newest weapon against white-collar defendants: the power to prevent them from paying their legal bills.,sharpening,paying,0 0 0 prevention 0 0 0 0 0 0 0 0 0 0 0 0 0 0 0 effect 0 0 0 0,prevent
8,"""The people who suffer in the short run are defendants, but the people who suffer in the long run are all of the people, because there wo n't be a vigorous private bar to defend the Bill of Rights,"" says Gerald Lefcourt, a criminal defense attorney who says he has turned down a number of cases to avoid possible fee seizures.    ",turned,seizures,0 0 0 0 0 0 0 0 0 0 0 0 0 0 0 0 0 0 0 0 0 0 0 0 0 0 0 0 0 0 0 0 0 0 0 0 0 0 0 0 0 0 0 0 0 0 0 0 0 0 0 0 0 0 0 0 prevention 0 0 0 0 0 0 0 0 0 effect 0 0,prevent
9,But even continued military success carries political anddiplomatic risks for President Bush and the U.S. The alliedrejection of the last-minute Soviet-led diplomatic effort to avoid the ground war enabled Mr. Bush to seize the initiativefrom an Iraq seemingly bent on dictating peace terms.,effort,war,0 0 0 0 0 0 0 0 0 0 0 0 0 0 0 0 0 0 0 0 0 0 0 0 0 0 prevention 0 0 0 0 effect 0 0 0 0 0 0 0 0 0 0 0 0 0 0 0 0,prevent
10,"Mr. Bush forestalled further diplomatic maneuvering byissuing an ultimatum on behalf of the allies demanding thatIraq withdraw within a week, starting at noon Saturday.",issuing,maneuvering,0 0 0 0 0 effect 0 0 0 0 0 0 0 0 0 0 0 0 0 0 0 0 0 0 0 0,prevent
11,"The White House yesterday disclosed that Kuwait's ousted government has formally asked the U.S. to enforce the total trade embargo the United Nations has imposed on Iraq, allowing the U.S. and other nations to immediately begin stopping ships carrying Iraqi goods.   ",embargo,carrying,0 0 0 0 0 0 0 0 0 0 0 0 0 0 0 0 0 0 0 0 prevention 0 0 0 0 0 0 0 0 0 0 0 0 0 0 0 0 0 0 0 effect 0 0 0 0,prevent
12,"The White House yesterday disclosed that Kuwait's ousted government has formally asked the U.S. to enforce the total trade embargo the United Nations has imposed on Iraq, allowing the U.S. and other nations to immediately begin stopping ships carrying Iraqi goods.   ",asked,carrying,0 0 0 0 0 0 0 0 0 0 0 0 prevention 0 0 0 0 0 0 0 0 0 0 0 0 0 0 0 0 0 0 0 0 0 0 0 0 0 0 0 effect 0 0 0 0,prevent
13,"The White House yesterday disclosed that Kuwait's ousted government has formally asked the U.S. to enforce the total trade embargo the United Nations has imposed on Iraq, allowing the U.S. and other nations to immediately begin stopping ships carrying Iraqi goods.   ",enforce,carrying,0 0 0 0 0 0 0 0 0 0 0 0 0 0 0 0 prevention 0 0 0 0 0 0 0 0 0 0 0 0 0 0 0 0 0 0 0 0 0 0 0 effect 0 0 0 0,prevent
14,"Secretary of State James Baker, speaking on ABC News' ""This Week,"" said the Kuwaiti request gives the U.S. and other countries ""a legal basis for stopping the export of oil and that sort of thing."" ",export,request,0 0 0 0 0 0 0 0 0 0 0 0 0 0 0 0 0 0 0 effect 0 0 0 0 0 0 0 0 0 0 0 0 0 prevention 0 0 0 0 0 0 0 0 0,prevent
15,"And to protect their reduced capital investment from eroding further, market makers became quicker to lower price quotes when sell programs are in progress. ",lower,eroding,0 0 0 0 0 0 0 0 effect 0 0 0 0 0 0 0 prevention 0 0 0 0 0 0 0 0 0,prevent
16,LIN Broadcasting surged 4 5/8 to 112 5/8; LIN and BellSouth sweetened their merger agreement in an attempt to keep shareholders from tendering their shares to McCaw Cellular Communications.,sweetened,tendering,0 0 0 0 0 0 0 0 0 0 0 0 prevention 0 0 0 0 0 0 0 0 0 0 effect 0 0 0 0 0 0 0,prevent
17,The New Orleans oil and gas exploration and diving operations company added that it does n't expect any further adverse financial impact from the restructuring.,restructuring,impact,0 0 0 0 0 0 0 0 0 0 0 0 0 0 0 0 0 0 0 0 0 effect 0 0 O 0,0
18,He also rejected reports that his departure stemmed from disappointment the general manager's post had n't  also led to a board directorship at the London-based news organization.,disappointment,departure,0 0 0 0 0 0 effect 0 0 O 0 0 0 0 0 0 0 0 0 0 0 0 0 0 0 0 0 0 0 0 0,0
19,He also rejected reports that his departure stemmed from disappointment the general manager's post had n't  also led to a board directorship at the London-based news organization.,post,directorship,0 0 0 0 0 0 0 0 0 0 0 0 0 0 O 0 0 0 0 0 0 0 effect 0 0 0 0 0 0 0 0,0
20,The restructuring program  is designed  to increase the company's tangible capital ratio.,program,increase,0 0 intention 0 0 0 effect 0 0 0 0 0 0 0,intend
21,Courtaulds PLC announced plans to spin off its textiles operations to existing shareholders in a restructuring to boost shareholder value.,spin,boost,0 0 0 0 0 intention 0 0 0 0 0 0 0 0 0 0 0 effect 0 0 0,intend
22,Rally's Inc. said it adopted a shareholders rights plan to protect shareholders from an inadequately priced takeover offer.,adopted,protect,0 0 0 0 0 intention 0 0 0 0 0 effect 0 0 0 0 0 0 0 0,intend
23,"Upjohn Co. said it will offer an early retirement package to as many as 1,100 employees in a cost-cutting move expected to result in a fourth-quarter charge.    ",offer,charge,0 0 0 0 0 intention 0 0 0 0 0 0 0 0 0 0 0 0 0 0 0 0 0 0 0 0 0 0 0 0 effect 0 0,intend
24,The company earlier this year adopted a shareholder-rights plan to ward off unwanted suitors.,adopted,ward,0 0 0 0 0 intention 0 0 0 0 0 0 effect 0 0 0 0,intend
25,"Mr. Edelman declined to specify what prompted the recent moves, saying they are meant only to benefit shareholders when ""the company is on a roll."" ",moves,benefit,0 0 0 0 0 0 0 0 0 intention 0 0 0 0 0 0 0 effect 0 0 0 0 0 0 0 0 0 0 0,intend
26,"The message to the chief of staff was meant to be taken as a suggestionthat Sununu offer to resign, one highly placed source said. ",message,taken,0 intention 0 0 0 0 0 0 0 0 0 effect 0 0 0 0 0 0 0 0 0 0 0 0 0 0,intend
27,"The company said it expects to use the proceeds to repay certain bank debt and for general corporate purposes, including establishing new operating centers and possible acquisitions. ",acquisitions,use,0 0 0 0 0 0 effect 0 0 0 0 0 0 0 0 0 0 0 0 0 0 0 0 0 0 0 0 intention 0,intend
28,"The company said it expects to use the proceeds to repay certain bank debt and for general corporate purposes, including establishing new operating centers and possible acquisitions. ",use,establishing,0 0 0 0 0 0 intention 0 0 0 0 0 0 0 0 0 0 0 0 0 0 effect 0 0 0 0 0 0 0,intend
29,"The company said it expects to use the proceeds to repay certain bank debt and for general corporate purposes, including establishing new operating centers and possible acquisitions. ",use,repay,0 0 0 0 0 0 intention 0 0 0 effect 0 0 0 0 0 0 0 0 0 0 0 0 0 0 0 0 0 0,intend
30,To sweeten the pact further -- and to ease concerns of institutional investors -- BellSouth added a provision designed to give extra protection to holders if the regional Bell company ever decides to buy the rest of the new cellular company.,give,added,0 0 0 0 0 0 0 0 0 0 0 0 0 0 0 effect 0 0 0 0 intention 0 0 0 0 0 0 0 0 0 0 0 0 0 0 0 0 0 0 0 0 0,intend
31,"DPC, an investor group led by New York-based Crescott Investment Associates, had itself filed a suit in state court in Los Angeles seeking to nullify the agreement. ",filed,nullify,0 0 0 0 0 0 0 0 0 0 0 0 0 0 0 0 0 intention 0 0 0 0 0 0 0 0 0 0 effect 0 0 0,intend
32,"Acquisition has launched a suit in a Delaware court seeking the withdrawal of Dunkin's poison pill rights and employee stock ownership plans, which it claims were put in place to deter bidders. ",launched,withdrawal,0 0 intention 0 0 0 0 0 0 0 0 effect 0 0 0 0 0 0 0 0 0 0 0 0 0 0 0 0 0 0 0 0 0 0 0,intend
33,"Lawrence Insurance also sold 3.2 million of its shares for $7.125 each to its parent, Lawrence Group Inc. Lawrence Insurance, based in Albany, N.Y., plans to use the $22.5 million in proceeds to help finance the acquisition of United Republic.    ",use,help,0 0 0 0 0 0 0 0 0 0 0 0 0 0 0 0 0 0 0 0 0 0 0 0 0 0 0 0 0 0 0 intention 0 0 0 0 0 0 0 effect 0 0 0 0 0 0 0 0,intend
34,"Philip Morris Cos., New York, adopted a defense measure designed to make a hostile takeover prohibitively expensive.    ",adopted,make,0 0 0 0 0 0 0 0 intention 0 0 0 0 0 effect 0 0 0 0 0 0 0,intend
35,"Mr. Stronach, founder and controlling shareholder of Magna, resigned as chief executive officer last year to seek , unsuccessfully, a seat in Canada's Parliament.    ",resigned,seek,0 0 0 0 0 0 0 0 0 0 intention 0 0 0 0 0 0 0 effect 0 0 0 0 0 0 0 0 0 0 0,intend
36,Hudson's Bay Co. announced terms of a previously proposed rights issue that is expected to raise about 396 million Canadian dollars (US$337 million) net of expenses.,raise,announced,0 0 0 0 effect 0 0 0 0 0 0 0 0 0 0 0 intention 0 0 0 0 0 0 0 0 0 0 0 0 0 0,intend
37,"The gross proceeds from the sale of the notes, which will be due on Nov. 1, 2004, will be used to reduce existing debt and for general corporate purposes, the company said. ",used,reduce,0 0 0 0 0 0 0 0 0 0 0 0 0 0 0 0 0 0 0 0 0 0 intention 0 effect 0 0 0 0 0 0 0 0 0 0 0 0,intend
38,"Mr. Lortie's departure, while sudden, was seen as inevitable in light of the shift in strategy. ",departure,shift,0 0 0 intention 0 0 0 0 0 0 0 0 0 0 0 0 effect 0 0 0,intend
39,"Pentagon sources in Washington meanwhile said the Bushadministration plans  to deploy 45,000 Marines to the region to backup the thousands of Army, Navy and Air Force troops already inplace in the gulf and the Saudi desert.   ",deploy,back,0 0 0 0 0 0 0 0 0 0 intention 0 0 0 0 0 0 0 0 0 0 0 0 0 0 0 0 0 0 0 0 0 0 0 0 0 0 0 0,intend
40,"Replied State Department deputy spokesman Richard Boucher, ``Wehave n't  really analyzed the statement in detail but it appears tobe just another example of his outlandish rhetoric and his attempts to distort the truth.   ",statement,distort,0 0 0 0 0 0 0 0 0 0 0 0 0 0 0 intention 0 0 0 0 0 0 0 0 0 0 0 0 0 0 0 0 0 effect 0 0 0 0,intend
41,The combined operations  are designed  to isolate and strangleIraq until it retreats from Kuwait.,operations,isolate,0 0 intention 0 0 0 effect 0 0 0 0 0 0 0 0,intend
42,The combined operations  are designed  to isolate and strangleIraq until it retreats from Kuwait.,operations,retreats,0 0 intention 0 0 0 0 0 0 0 0 effect 0 0 0,intend
43,Bush's chief objective in his meeting with Hussein was to pressthe king  to shut down Iraq's food and oil supply route from Aqabaon the Red Sea.,meeting,press,0 0 0 0 0 0 intention 0 0 0 0 0 0 0 0 0 0 0 0 0 0 0 0 0 0 0 0 0 0,intend
44,Bush's chief objective in his meeting with Hussein was to pressthe king  to shut down Iraq's food and oil supply route from Aqabaon the Red Sea.,meeting,shut,0 0 0 0 0 0 intention 0 0 0 0 0 0 0 effect 0 0 0 0 0 0 0 0 0 0 0 0 0 0,intend
45,The SEC has alleged that Mr. Antar aimed to pump up the company's stock price through false financial statements in order to sell his stake and reap huge profits.,pump,sell,0 0 0 0 0 0 0 0 0 intention 0 0 0 0 0 0 0 0 0 0 0 0 0 effect 0 0 0 0 0 0 0,intend
46,The SEC has alleged that Mr. Antar aimed to pump up the company's stock price through false financial statements in order to sell his stake and reap huge profits.,pump,reap,0 0 0 0 0 0 0 0 0 intention 0 0 0 0 0 0 0 0 0 0 0 0 0 0 0 0 0 effect 0 0 0,intend
47,"General Motors Corp. wants to buy as much as 15% of Jaguar PLC, marking its first salvo in a possible full-scale battle against Ford Motor Co. for control of the British car maker.    ",buy,control,0 0 0 0 0 intention 0 0 0 0 0 0 0 0 0 0 0 0 0 0 0 0 0 0 0 0 0 0 0 0 0 effect 0 0 0 0 0 0 0,intend
48,"In wooing British lawmakers, GM has pointed out that its willingness to settle for a minority stake would keep Jaguar British-owned and independent. ",settle,keep,0 0 0 0 0 0 0 0 0 0 0 0 0 intention 0 0 0 0 0 effect 0 0 0 0 0 0 0,intend
49,"Nevertheless, American officials over the weekend becamemore open in declaring that by destroying Saddam Hussein'smilitary machine they hope to destroy his regime -- a goallikely to be supported by most Americans.   ",destroying,destroy,0 0 0 0 0 0 0 0 0 0 0 0 0 intention 0 0 0 0 0 0 effect 0 0 0 0 0 0 0 0 0 0 0 0 0,intend
50,The Bushadministration considers the sanctions essential to keepingSaddam Hussein under control should he survive the war.,sanctions,keeping,0 0 0 0 intention 0 0 0 0 0 0 0 0 0 0 0 0,intend
51,"The dividend increase was Du Pont's second this year, an affirmation of statements by top executives that they intend to increase rewards to shareholders. ",increase,increase,0 0 intention 0 0 0 0 0 0 0 0 0 0 0 0 0 0 0 0 0 0 0 intention 0 0 0 0,intend
52,"Cineplex Odeon Corp. directors said the company's chairman and chief executive, Garth Drabinsky, is considering bidding 780.6 million Canadian dollars (US$666 million) to acquire the company.    ",bidding,acquire,0 0 0 0 0 0 0 0 0 0 0 0 0 0 0 0 0 0 intention 0 0 0 0 0 0 0 0 0 0 effect 0 0 0 0,intend
53,"Mr. Drabinsky, who would have had the right to vote those shares for two years, said the purchase, subsequently rejected by regulators, was aimed at consolidating his control of the company. ",purchase,consolidating,0 0 0 0 0 0 0 0 0 0 0 0 0 0 0 0 0 0 0 intention 0 0 0 0 0 0 0 0 0 effect 0 0 0 0 0 0,intend
54,"Even as Saddam Hussein was searching for a ploy to ease his isolation, though, the international pressure against him clicked up another notch. ",ploy,ease,0 0 0 0 0 0 0 0 intention 0 effect 0 0 0 0 0 0 0 0 0 0 0 0 0 0 0,intend
55,"Iraq clearly is trying to woo back more Arab support in case the conflict drags on, hoping that its neighbors eventually will help it survive a prolonged war of economic attrition with the West. ",woo,help,0 0 0 0 0 intention 0 0 0 0 0 0 0 0 0 0 0 0 0 0 0 0 0 effect 0 0 0 0 0 0 0 0 0 0 0 0,intend
56,So Saddam Hussein on Friday tried to scare other Arab leaders into supporting him by calling onArabs to rise up in a holy war against leaders who invited American and other Western soldiers into Saudi Arabia to protect the oil-rich kingdom.,calling,scare,0 0 0 0 0 0 0 effect 0 0 0 0 0 0 0 intention 0 0 0 0 0 0 0 0 0 0 0 0 0 0 0 0 0 0 0 0 0 0 0 0 0 0 0 0,intend
57,"Then yesterday, he tried to entice Arab leaders with his proposal for a diplomatic solution linking his occupation of Kuwait with Israel's occupation of the West Bank. ",linking,entice,0 0 0 0 0 0 effect 0 0 0 0 0 0 0 0 0 intention 0 0 0 0 0 0 0 0 0 0 0 0 0,intend
58,And the U.S. is taking similar steps to ensure that its naval force is adequate to carry out a blockade of Iraq and support a war if necessary.,taking,ensure,0 0 0 0 intention 0 0 0 effect 0 0 0 0 0 0 0 0 0 0 0 0 0 0 0 0 0 0 0 0,intend
59,And the U.S. is taking similar steps to ensure that its naval force is adequate to carry out a blockade of Iraq and support a war if necessary.,taking,support,0 0 0 0 intention 0 0 0 0 0 0 0 0 0 0 0 0 0 0 0 0 0 0 effect 0 0 0 0 0,intend
60,It also was considering a restructuring to help boost the stock price.,restructuring,help,0 0 0 0 0 intention 0 effect 0 0 0 0 0,intend
61,LIN Broadcasting surged 4 5/8 to 112 5/8; LIN and BellSouth sweetened their merger agreement in an attempt to keep shareholders from tendering their shares to McCaw Cellular Communications.,sweetened,keep,0 0 0 0 0 0 0 0 0 0 0 0 intention 0 0 0 0 0 0 0 effect 0 0 0 0 0 0 0 0 0 0,intend
62,The company said its junk-bond portfolio after these moves  had  been reduced to less than 1% of assets.,moves,reduced,0 0 0 0 0 0 0 0 0 0 cause 0 0 effect 0 0 0 0 0 0 0 0,cause
63,"Coda Energy Inc. said it arranged a $50 million credit facility with NCNB Texas National Bank, a unit of NCNB Corp., of Charlotte, N.C.    The Dallas oil and gas concern said that $10 million of the facility would  be used  to consolidate the company's $8.1 million of existing bank debt,  to repurchase 4 million of its 4.9 million shares outstanding of Series D convertible preferred stock, and  to purchase a 10% net-profits interest in certain oil and gas properties from one of its existing lenders, National Canada Corp. The remaining $40 million can  be used over three years for oil and gas acquisitions, the company said.    ",arranged,purchase,0 0 0 0 0 cause 0 0 0 0 0 0 0 0 0 0 0 0 0 0 0 0 0 0 0 0 0 0 0 0 0 0 0 0 0 0 0 0 0 0 0 0 0 0 0 0 0 0 0 0 0 0 0 0 0 0 0 0 0 0 0 0 0 0 0 0 0 0 0 0 0 0 0 0 0 0 0 0 effect 0 0 0 0 0 0 0 0 0 0 0 0 0 0 0 0 0 0 0 0 0 0 0 0 0 0 0 0 0 0 0 0 0 0 0 0 0 0 0 0 0 0 0 0 0,cause
64,"Coda Energy Inc. said it arranged a $50 million credit facility with NCNB Texas National Bank, a unit of NCNB Corp., of Charlotte, N.C.    The Dallas oil and gas concern said that $10 million of the facility would  be used  to consolidate the company's $8.1 million of existing bank debt,  to repurchase 4 million of its 4.9 million shares outstanding of Series D convertible preferred stock, and  to purchase a 10% net-profits interest in certain oil and gas properties from one of its existing lenders, National Canada Corp. The remaining $40 million can  be used over three years for oil and gas acquisitions, the company said.    ",arranged,repurchase,0 0 0 0 0 cause 0 0 0 0 0 0 0 0 0 0 0 0 0 0 0 0 0 0 0 0 0 0 0 0 0 0 0 0 0 0 0 0 0 0 0 0 0 0 0 0 0 0 0 0 0 0 0 0 0 0 0 0 0 0 effect 0 0 0 0 0 0 0 0 0 0 0 0 0 0 0 0 0 0 0 0 0 0 0 0 0 0 0 0 0 0 0 0 0 0 0 0 0 0 0 0 0 0 0 0 0 0 0 0 0 0 0 0 0 0 0 0 0 0 0 0 0 0 0,cause
65,"In anticipation of the start-up of its new factory, the company said a larger-than-normal chassis supply  has  been built  to carry it through the transition period. ",built,carry,0 0 0 0 0 0 0 0 0 0 0 0 0 0 0 0 0 0 0 0 0 0 0 0 0 cause 0 effect 0 0 0 0 0 0,cause
66,"Valley Federal Savings amp Loan Association took an $89.9 million charge as it reported a third-quarter loss of $70.7 million, or $12.09 a share.    ",charge,loss,0 0 0 0 0 0 0 0 0 0 0 cause 0 0 0 0 0 0 0 effect 0 0 0 0 0 0 0 0 0 0 0 0,cause
67,"Those gains came from higher prices, particularly for disposable diapers and tissue products, and from increased sales, primarily for feminine-care products, the company said. ",prices,gains,0 effect 0 0 0 cause 0 0 0 0 0 0 0 0 0 0 0 0 0 0 0 0 0 0 0 0 0 0 0 0 0,cause
68,"Newsprint results continued to be depressed, the company added, because of industrywide price discounting.    ",discounting,depressed,0 0 0 0 0 effect 0 0 0 0 0 0 0 0 0 cause 0 0,cause
69,"Newsprint results continued to be depressed, the company added, because of industrywide price discounting.    ",discounting,continued,0 0 effect 0 0 0 0 0 0 0 0 0 0 0 0 cause 0 0,cause
70,"The quarter-to-quarter comparison was also enhanced by charges taken in the year-earlier period, including $11 million related to the modernization of a pulp and newsprint mill in Alabama. ",charges,enhanced,0 0 0 0 0 0 0 0 0 effect 0 cause 0 0 0 0 0 0 0 0 0 0 0 0 0 0 0 0 0 0 0 0 0 0 0 0 0,cause
71,"Some analysts have said Courtaulds' moves could boost the company's value by 5% to 10%, because the two entities separately will carry a higher price earnings multiple than they did combined. ",carry,boost,0 0 0 0 0 0 0 0 effect 0 0 0 0 0 0 0 0 0 0 0 0 0 0 0 0 0 cause 0 0 0 0 0 0 0 0 0 0,cause
72,Courtaulds has been under pressure to enhance shareholder value since takeover speculators -- including Australian financier Kerry Packer -- surfaced holding small stakes last year.,enhance,surfaced,0 0 0 0 0 0 cause 0 0 0 0 0 0 0 0 0 0 0 0 effect 0 0 0 0 0 0,cause
73,"Though Mr. Packer has since sold his stake, Courtaulds is moving to keep its institutional shareholders happy. ",sold,moving,0 0 0 0 0 cause 0 0 0 0 0 effect 0 0 0 0 0 0 0,cause
74,"Though Mr. Packer has since sold his stake, Courtaulds is moving to keep its institutional shareholders happy. ",moving,keep,0 0 0 0 0 0 0 0 0 0 0 cause 0 effect 0 0 0 0 0,cause
75,"Though Mr. Packer has since sold his stake, Courtaulds is moving to keep its institutional shareholders happy. ",sold,happy,0 0 0 0 0 cause 0 0 0 0 0 0 0 0 0 0 0 effect 0,cause
76,Crossland Savings Bank's stock plummeted after management recommended a suspension of dividend payments on both its common and preferred stock because Crossland may not meet the new government capital criteria effective Dec. 7.,meet,plummeted,0 0 0 0 0 effect 0 0 0 0 0 0 0 0 0 0 0 0 0 0 0 0 0 0 0 cause 0 0 0 0 0 0 0 0 0,cause
77,"A spokesman said the savings bank may not qualify for the capital requirements because, under the proposed guidelines, its $380 million of preferred stock does n't meet the ""core capital"" criteria outlined under the new Financial Institutions Reform, Recovery and Enforcement Act of 1989. ",meet,qualify,0 0 0 0 0 0 0 0 effect 0 0 0 0 0 0 0 0 0 0 0 0 0 0 0 0 0 0 0 0 cause 0 0 0 0 0 0 0 0 0 0 0 0 0 0 0 0 0 0 0 0 0,cause
78,"The spokesman said that the proposed guidelines caused Crossland to revise its business objectives and, consequently , to write down the asset value of some previous acquisitions. ",revise,write,0 0 0 0 0 0 0 0 0 0 cause 0 0 0 0 0 0 0 0 effect 0 0 0 0 0 0 0 0 0,cause
79,"The spokesman said that the proposed guidelines caused Crossland to revise its business objectives and, consequently , to write down the asset value of some previous acquisitions. ",revise,write,0 0 0 0 0 0 0 0 0 0 cause 0 0 0 0 0 0 0 0 effect 0 0 0 0 0 0 0 0 0,cause
80,"Ocean Drilling amp Exploration Co. will sell its contract-drilling business, and took a $50.9 million loss from discontinued operations in the third quarter because of the planned sale.    ",planned,loss,0 0 0 0 0 0 0 0 0 0 0 0 0 0 0 0 0 0 0 effect 0 0 0 0 0 0 0 0 0 0 cause 0 0 0,cause
81,"Ocean Drilling amp Exploration Co. will sell its contract-drilling business, and took a $50.9 million loss from discontinued operations in the third quarter because of the planned sale.    ",planned,sell,0 0 0 0 0 0 effect 0 0 0 0 0 0 0 0 0 0 0 0 0 0 0 0 0 0 0 0 0 0 0 cause 0 0 0,cause
82,"Ocean Drilling amp Exploration Co. will sell its contract-drilling business, and took a $50.9 million loss from discontinued operations in the third quarter because of the planned sale.    ",planned,took,0 0 0 0 0 0 0 0 0 0 0 0 0 0 effect 0 0 0 0 0 0 0 0 0 0 0 0 0 0 0 cause 0 0 0,cause
83,"Ocean Drilling amp Exploration Co. will sell its contract-drilling business, and took a $50.9 million loss from discontinued operations in the third quarter because of the planned sale.    ",sale,took,0 0 0 0 0 0 0 0 0 0 0 0 0 0 effect 0 0 0 0 0 0 0 0 0 0 0 0 0 0 0 0 cause 0 0,cause
84,"Ocean Drilling amp Exploration Co. will sell its contract-drilling business, and took a $50.9 million loss from discontinued operations in the third quarter because of the planned sale.    ",sale,took,0 0 0 0 0 0 0 0 0 0 0 0 0 0 effect 0 0 0 0 0 0 0 0 0 0 0 0 0 0 0 0 cause 0 0,cause
85,"Ocean Drilling amp Exploration Co. will sell its contract-drilling business, and took a $50.9 million loss from discontinued operations in the third quarter because of the planned sale.    ",sale,loss,0 0 0 0 0 0 0 0 0 0 0 0 0 0 0 0 0 0 0 effect 0 0 0 0 0 0 0 0 0 0 0 cause 0 0,cause
86,"Ocean Drilling amp Exploration Co. will sell its contract-drilling business, and took a $50.9 million loss from discontinued operations in the third quarter because of the planned sale.    ",sale,sell,0 0 0 0 0 0 effect 0 0 0 0 0 0 0 0 0 0 0 0 0 0 0 0 0 0 0 0 0 0 0 0 cause 0 0,cause
87,The latest period had profit from continuing operations of $4 million.,operations,profit,0 0 0 0 effect 0 0 cause 0 0 0 0 0,cause
88,"Under terms of the new proposal, Equus, managed by Equus Capital Corp., Houston, would pay $12 cash and one new preferred share with a liquidation preference of $1.65 a share for each of Tony Lama's 2.1 million shares outstanding. ",proposal,pay,0 0 0 0 0 cause 0 0 0 0 0 0 0 0 0 0 0 0 effect 0 0 0 0 0 0 0 0 0 0 0 0 0 0 0 0 0 0 0 0 0 0 0 0 0 0 0 0,cause
89,"The Kearny, N.J.-based maker of hair accessories and other cosmetic products said it cut the dividend due to its third-quarter loss of $992,000, or 15 cents a share. ",loss,cut,0 0 0 0 0 0 0 0 0 0 0 0 0 0 effect 0 0 0 0 0 0 0 0 cause 0 0 0 0 0 0 0 0 0 0,cause
90,"The sale of shares to the McAlpine family along with the recent sale of 750,000 shares of Meridian stock to Haden MacLellan Holding PLC of Surrey, England and a recent public offering have increased Meridian's net worth to $8.5 million, said William Feniger, chief executive officer of Toledo, Ohio-based Meridian. ",sale,increased,0 cause 0 0 0 0 0 0 0 0 0 0 cause 0 0 0 0 0 0 0 0 0 0 0 0 0 0 0 0 0 0 0 0 0 effect 0 0 0 0 0 0 0 0 0 0 0 0 0 0 0 0 0 0 0 0 0 0 0 0,cause
91,"But some analysts questioned how much of an impact the retirement package will have, because few jobs will end up being eliminated. ",eliminated,questioned,0 0 0 effect 0 0 0 0 0 0 0 0 0 0 0 0 0 0 0 0 0 0 cause 0,cause
92,"Earlier staff-reduction moves have trimmed about 300 jobs, the spokesman said. ",trimmed,said,0 0 0 0 0 0 cause 0 0 0 0 0 0 effect 0,cause
93,"Earnings at Xerox's financial-services operations actually rose slightly, but that was largely because capital gains at Crum amp Forster offset Hurricane Hugo payments and the reserves set up  to cover future payments.    ",offset,rose,0 0 0 0 0 0 0 0 0 effect 0 0 0 0 0 0 0 0 0 0 0 0 0 cause 0 0 0 0 0 0 0 0 0 0 0 0 0 0,cause
94,"Property/casualty insurance has been a tough business in recent quarters, as pricing has been cutthroat and natural disasters such as Hurricane Hugo and the California earthquake  have resulted in huge payments. ",disasters,payments,0 0 0 0 0 0 0 0 0 0 0 0 0 0 0 0 0 0 0 0 cause 0 0 0 0 0 0 0 0 0 0 0 0 effect 0,cause
95,"As part of the agreement, Cilcorp said it  will pay Hunter $4 million in exchange for agreements not to compete.    ",agreement,pay,0 0 0 0 cause 0 0 0 0 0 effect 0 0 0 0 0 0 0 0 0 0 0 0 0,cause
96,"The latest results include some unusual write-downs, which had an after-tax impact of $4.9 million. ",write-downs,results,0 0 effect 0 0 0 0 0 0 0 0 0 0 0 0 0 0 0 0 0 0 0,cause
97,"In addition, operating results were hit by an increase in loan and real estate loss reserves.    ",increase,hit,0 0 0 0 0 0 effect 0 0 cause 0 0 0 0 0 0 0 0 0,cause
98,"The company attributed the decrease in part to the exclusion of the company's British sales from the current year's figures as a result of the subsidiary's status as a proposed discontinued operation and, in part, to lower sales in certain key foreign and domestic accounts. ",sales,attributed,0 0 effect 0 0 0 0 0 0 0 0 0 0 0 0 cause 0 0 0 0 0 0 0 0 0 0 0 0 0 0 0 0 0 0 0 0 0 0 0 0 0 0 cause 0 0 0 0 0 0 0 0,cause
99,"The company attributed the decrease in part to the exclusion of the company's British sales from the current year's figures as a result of the subsidiary's status as a proposed discontinued operation and, in part, to lower sales in certain key foreign and domestic accounts. ",sales,decrease,0 0 0 0 effect 0 0 0 0 0 0 0 0 0 0 cause 0 0 0 0 0 0 0 0 0 0 0 0 0 0 0 0 0 0 0 0 0 0 0 0 0 0 cause 0 0 0 0 0 0 0 0,cause
100,The move boosts Intelogic Chairman Asher Edelman's stake to 20% from 16.2% and may help prevent Martin Ackerman from making a run at the computer-services concern.,move,boosts,0 cause effect 0 0 0 0 0 0 0 0 0 0 0 0 0 0 0 0 0 0 0 0 0 0 0 0 0 0 0 0 0,cause
101,"Instead, Sununusought to prove to the president that his supporters outnumber his critics andthat he should remain in his post.;   One senior official Monday described theWhite House as ""a collection of small groups of aides holding their breaths,""waiting to see whether Sununu survives. ",sought,holding,0 0 0 0 0 0 0 0 0 0 0 0 0 0 0 0 0 0 0 0 0 0 0 0 0 0 0 0 0 0 0 0 0 0 0 0 0 0 0 0 effect 0 0 0 0 0 0 0 0,cause
102,"It will have 11.8 million shares outstanding after the offering, with Healthdyne owning about 65% of the total. ",offering,owning,0 0 0 0 0 0 0 0 0 cause 0 0 0 effect 0 0 0 0 0 0 0,cause
103,"Reuters Holdings PLC said Michael Reupke resigned as general manager  to pursue unspecified interests, a move the news organization termed an ""amicable separation.""    ",resigned,move,0 0 0 0 0 0 cause 0 0 0 0 0 0 0 0 0 effect 0 0 0 0 0 0 0 0 0 0 0,cause
104,"His appointment to that post, which has senior administrative, staff and policy responsibilities, followed a several-year tenure as Reuters's editor in chief. ",tenure,appointment,0 effect 0 0 0 0 0 0 0 0 0 0 0 0 0 0 0 0 0 0 0 cause 0 0 0 0 0 0 0,cause
105,"""If I  were choosing the people of tomorrow, I would  have chosen the people who are now on the board,"" he said.    ",on,chosen,0 0 0 0 0 0 0 0 0 0 0 0 0 effect 0 0 0 0 0 cause 0 0 0 0 0 0 0 0,cause
106,"Japanese government officials, eager to rebut foreign criticism of Japanese investments overseas , hailed the transaction as proof foreigners can make similar investments in Japan. ",transaction,investments,0 0 0 0 0 0 0 0 0 0 0 effect 0 0 0 0 cause 0 0 0 0 0 0 effect 0 0 0,cause
107,"Some of Sansui's fellow audio-specialty companies, such as Aiwa Co. and Pioneer Electric Corp., responded to the challenge by quickly bringing out mini-component products of their own, by moving heavily into the booming compact disk businesses or by diversifying into other consumer-electronics fields, including laser disks or portable cassette players. ",challenge,bringing,0 0 0 0 0 0 0 0 0 0 0 0 0 0 0 0 0 0 0 0 0 0 cause 0 0 effect 0 0 0 0 0 0 0 0 0 0 0 0 0 0 0 0 0 0 0 0 0 0 0 0 0 0 0 0 0 0 0 0 0 0 0 0,cause
108,"While competitors moved production offshore in response to the sagging competitiveness of Japanese factories, Sansui lacked the money to build new plants in Southeast Asia. ",competitiveness,moved,0 0 effect 0 0 0 0 0 0 0 cause 0 0 0 0 0 0 0 0 0 0 0 0 0 0 0 0,cause
109,"He took Polly Peck, once a small fabric wholesaler, and used it at as a base to build a conglomerate that has been doubling its profits annually since 1980. ",build,doubling,0 0 0 0 0 0 0 0 0 0 0 0 0 0 0 0 0 0 0 cause 0 0 0 0 0 effect 0 0 0 0 0 0,cause
110,"The debt, estimated at $4.7 billion, could mortgage the cellular company's future earning power in order to placate some LIN holders in the short term.    ",mortgage,placate,0 0 0 0 0 0 0 0 0 0 cause 0 0 0 0 0 0 0 0 0 0 effect 0 0 0 0 0 0 0 0 0,cause
111,"In effect, McCaw has forced LIN's hand by bidding $1.9 billion for the stake earlier this month.    ",bidding,forced,0 0 0 0 0 effect 0 0 0 0 cause 0 0 0 0 0 0 0 0 0 0 0,cause
112,"To mollify shareholders concerned about the long-term value of the company under the BellSouth-LIN agreement, BellSouth also agreed to pay as much as $10 a share, or $540 million, if, after five years, the trading value of the new cellular company isn't as high as the value that shareholders would have realized from the McCaw offer.    ",agreed,mollify,0 effect 0 0 0 0 0 0 0 0 0 0 0 0 0 0 0 0 0 0 0 0 cause 0 0 0 0 0 0 0 0 0 0 0 0 0 0 0 0 0 0 0 0 0 0 0 0 0 0 0 0 0 0 0 0 0 0 0 0 0 0 0 0 0 0 0 0 0 0 0,cause
113,"But Kenneth Leon, a telecommunications analyst with Bear, Stearns amp Co., finds the BellSouth proposal still flawed because the company does n't have to wait five years to begin buying more LIN shares. ",wait,flawed,0 0 0 0 0 0 0 0 0 0 0 0 0 0 0 0 0 0 0 effect 0 0 0 0 0 0 0 cause 0 0 0 0 0 0 0 0 0,cause
114,"BellSouth's revised proposal surprised many industry analysts, especially because of the company's willingness to accept some dilution of future earnings. ",willingness,surprised,0 0 0 0 effect 0 0 0 0 0 0 0 0 0 0 cause 0 0 0 0 0 0 0 0,cause
115,"Dataproducts Inc. said it filed a lawsuit in Delaware Chancery Court to block a tender offer by DPC Acquisition Partners, alleging that the hostile offer violates a standstill agreement between the two concerns.    ",filed,block,0 0 0 0 cause 0 0 0 0 0 0 0 effect 0 0 0 0 0 0 0 0 0 0 0 0 0 0 0 0 0 0 0 0 0 0 0,cause
116,"Dataproducts Inc. said it filed a lawsuit in Delaware Chancery Court to block a tender offer by DPC Acquisition Partners, alleging that the hostile offer violates a standstill agreement between the two concerns.    ",lawsuit,block,0 0 0 0 0 0 cause 0 0 0 0 0 effect 0 0 0 0 0 0 0 0 0 0 0 0 0 0 0 0 0 0 0 0 0 0 0,cause
117,"DPC, an investor group led by New York-based Crescott Investment Associates, had itself filed a suit in state court in Los Angeles seeking to nullify the agreement. ",filed,nullify,0 0 0 0 0 0 0 0 0 0 0 0 0 0 0 0 0 cause 0 0 0 0 0 0 0 0 0 0 effect 0 0 0,cause
118,"Earlier this year, Dataproducts had rejected a $15 a share offer from DPC, saying it was n't adequately financed. ",rejected,financed,0 0 0 0 0 0 cause 0 0 0 0 0 0 0 0 0 0 0 0 0 0 effect 0,cause
119,"National Intergroup in the year-ago third quarter earned $22.5 million, or 97 cents a share, including a gain of $18 million from the sale of a steel tube company. ",sale,earned,0 0 0 0 0 0 0 0 0 effect 0 0 0 0 0 0 0 0 0 0 0 0 0 0 0 0 0 0 0 cause 0 0 0 0 0 0,cause
120,"The offer, which was due to expire yesterday, is conditional on 50.1% of Dunkin' common shares, on a fully diluted basis, being tendered and on the withdrawal of the company's poison pill rights plan.    ",withdrawal,expire,0 0 0 0 0 0 0 effect 0 0 0 0 0 0 0 0 0 0 0 0 0 0 0 0 0 0 0 0 0 0 0 0 cause 0 0 0 0 0 0 0 0 0 0,cause
121,"By acquiring the shares, Lawrence Group increased its stake in Lawrence Insurance to 93.2% from 91.2%. ",acquiring,increased,0 cause 0 0 0 0 0 effect 0 0 0 0 0 0 0 0 0 0 0 0,cause
122,"Now , following asset sales that shrank revenue by more than one-third this year alone, Control Data is flush with cash. ",shrank,flush,0 0 0 0 0 0 cause 0 0 0 0 0 0 0 0 0 0 0 0 0 0 effect 0 0 0,cause
123,"The offer was automatically triggered by the recent sale of Control Data's Imprimis disk-drive business to Seagate Technology Inc.    Mr. Perlman, who is also acting chief financial officer and the odds-on favorite to become the next chief executive, said the company is achieving ""modest positive cash flow from operations, and we expect that to continue into 1990.""    ",sale,triggered,0 0 0 0 effect 0 0 0 cause 0 0 0 0 0 0 0 0 0 0 0 0 0 0 0 0 0 0 0 0 0 0 0 0 0 0 0 0 0 0 0 0 0 0 0 0 0 0 0 0 0 0 0 0 0 0 0 0 0 0 0 0 0 0 0 0 0 0 0 0 0,cause
124,"The offer was automatically triggered by the recent sale of Control Data's Imprimis disk-drive business to Seagate Technology Inc.    Mr. Perlman, who is also acting chief financial officer and the odds-on favorite to become the next chief executive, said the company is achieving ""modest positive cash flow from operations, and we expect that to continue into 1990.""    ",sale,offer,0 effect 0 0 0 0 0 0 cause 0 0 0 0 0 0 0 0 0 0 0 0 0 0 0 0 0 0 0 0 0 0 0 0 0 0 0 0 0 0 0 0 0 0 0 0 0 0 0 0 0 0 0 0 0 0 0 0 0 0 0 0 0 0 0 0 0 0 0 0 0,cause
125,"Through the first nine months, the company had a loss of $484 million, largely reflecting the closing of its supercomputer unit.    ",loss,closing,0 0 0 0 0 0 0 0 0 0 cause 0 0 0 0 0 0 0 0 effect 0 0 0 0 0 0,cause
126,"Compaq Computer Corp. said that its net income rose 51% in the third quarter, bolstered by unusual gains from its investment in a disk-drive maker and reflecting continued growth in its European operations.    ",investment,gains,0 0 0 0 0 0 0 0 0 0 0 0 0 0 0 0 0 0 0 effect 0 0 cause 0 0 0 0 0 0 0 0 0 0 0 0 0 0 0 0,cause
127,"The latest quarter's results, however , included a pretax gain of $13.7 million, or 20 cents a share, in the carrying value of the company's investment in Conner Peripherals Inc. and a $7.6 million gain, or 11 cents a share, from the sale of one million Conner shares.    ",sale,gain,0 0 0 0 0 0 0 0 0 0 0 effect 0 0 0 0 0 0 0 0 0 0 0 0 0 0 0 0 0 0 0 0 0 0 0 0 0 0 0 0 0 effect 0 0 0 0 0 0 0 0 0 cause 0 0 0 0 0 0 0,cause
128,"At a news conference, Mr. Fournier accused Paribas of planning to pay for the takeover by selling parts of the company, whose interests include insurance, banking, tuna canning, sugar and orange juice.    ",planning,accused,0 0 0 0 0 0 0 effect 0 0 cause 0 0 0 0 0 0 0 0 0 0 0 0 0 0 0 0 0 0 0 0 0 0 0 0 0 0 0 0,cause
129,"Analysts noted that over the past 20 years, Mr. Fournier has built his company through astute stock-market activity and has warded off at least three takeover attempts. ",activity,built,0 0 0 0 0 0 0 0 0 0 0 0 effect 0 0 0 0 0 0 0 cause 0 0 0 0 0 0 0 0 0 0,cause
130,"Earnings  were hurt by disposal of operations in its restructuring, Reed said. ",disposal,hurt,0 0 effect 0 cause 0 0 0 0 0 0 0 0 0,cause
131,Rights attached to the company's common shares were issued that are triggered if a hostile bidder acquires more than 20% of the shares outstanding.,issued,acquires,0 0 0 0 0 0 0 0 0 cause 0 0 0 0 0 0 0 effect 0 0 0 0 0 0 0 0 0,cause
132,"Once triggered, the rights allow holders to buy additional shares at 50% of the then current market price or, at the board's discretion, to receive securities or assets.    ",buy,receive,0 0 0 0 0 0 0 0 cause 0 0 0 0 0 0 0 0 0 0 0 0 0 0 0 0 0 0 0 0 effect 0 0 0 0 0,cause
133,The action came in response to a petition filed by Timex Inc. for changes in the U.S. Generalized System of Preferences for imports from developing nations.,filed,action,0 effect 0 0 0 0 0 0 cause 0 0 0 0 0 0 0 0 0 0 0 0 0 0 0 0 0 0,cause
134,"The sale, at a higher price than some analysts had expected, helps the food and tobacco giant raise funds to pay debt and boosts Nestle's 7% share of the U.S. candy market to about 12%.    ",price,boosts,0 0 0 0 0 0 cause 0 0 0 0 0 0 0 0 0 0 0 0 0 0 0 0 0 0 effect 0 0 0 0 0 0 0 0 0 0 0 0 0 0 0 0,cause
135,"Since KKR bought RJR in February for $25 billion of debt, it has agreed to sell nearly $5 billion of RJR assets. ",bought,sell,0 0 cause 0 0 0 0 0 0 0 0 0 0 0 0 0 0 effect 0 0 0 0 0 0 0 0,cause
136,"Since KKR bought RJR in February for $25 billion of debt, it has agreed to sell nearly $5 billion of RJR assets. ",bought,agreed,0 0 cause 0 0 0 0 0 0 0 0 0 0 0 0 effect 0 0 0 0 0 0 0 0 0 0,cause
137,"They've been given a mandate from Switzerland"" to expand their U.S. chocolate operations. ",given,expand,0 0 0 cause 0 0 0 0 0 0 effect 0 0 0 0 0,cause
138,"Institut Merieux S.A., which offered 942 million Canadian dollars (US$801.2 million), or C$37 a share for Connaught, said it would extend its bid, due to expire last Thursday, to Nov. 6.    ",expire,extend,0 0 0 0 0 0 0 0 0 0 0 0 0 0 0 0 0 0 0 0 0 0 0 0 0 0 0 effect 0 0 0 0 0 cause 0 0 0 0 0 0 0 0,cause
139,"In a statement prepared by lawyers for the university and Connaught, the parties said they agreed that as a result of reaching a C415 million research accord, ""It is unnecessary that there be a judgment on the merits {of the case} at this time.""    ",reaching,agreed,0 0 0 0 0 0 0 0 0 0 0 0 0 0 0 0 effect 0 0 0 0 0 cause 0 0 0 0 0 0 0 0 0 0 0 0 0 0 0 0 0 0 0 0 0 0 0 0 0 0 0 0 0,cause
140,"MGM Grand Inc. has agreed to pay $93 million and nearly 1.8 million common shares to buy 117 acres of land along the Las Vegas, Nev., Strip as a site for its planned movie-studio and theme-park resort.    ",pay,buy,0 0 0 0 0 0 cause 0 0 0 0 0 0 0 0 0 0 effect 0 0 0 0 0 0 0 0 0 0 0 0 0 0 0 0 0 0 0 0 0 0 0 0 0 0 0 0,cause
141,"Of the total purchase price, $50 million cash and $30 million in stock (nearly 1.8 million shares) would be paid to buy the existing 700-room Marina Hotel amp Casino from Southwest Securities, a Nevada limited partnership. ",paid,buy,0 0 0 0 0 0 0 0 0 0 0 0 0 0 0 0 0 0 0 0 0 0 0 0 cause 0 effect 0 0 0 0 0 0 0 0 0 0 0 0 0 0 0 0 0 0,cause
142,"A group of investors led by Giant Group Ltd. and its chairman, Burt Sugarman, said it filed with federal antitrust regulators for clearance to buy more than 50% of the stock of Rally's Inc., a fast-food company based in Louisville, Ky.    Rally's operates and franchises about 160 fast-food restaurants throughout the U.S. The company went public earlier this month, offering 1,745,000 shares of common stock at $15 a share. ",filed,buy,0 0 0 0 0 0 0 0 0 0 0 0 0 0 0 0 0 0 cause 0 0 0 0 0 0 0 effect 0 0 0 0 0 0 0 0 0 0 0 0 0 0 0 0 0 0 0 0 0 0 0 0 0 0 0 0 0 0 0 0 0 0 0 0 0 0 0 0 0 0 0 0 0 0 0 0 0 0 0 0 0 0 0 0 0,cause
143,"The results made net income for the year ended Aug. 31 C$2.7 million, or 20 Canadian cents a share, down from C$9.7 million, or 70 Canadian cents a share last year. ",results,made,0 cause effect 0 0 0 0 0 0 0 0 0 0 0 0 0 0 0 0 0 0 0 0 0 0 0 0 0 0 0 0 0 0 0 0 0 0,cause
144,"The supplement contains various information that has been filed with the Securities and Exchange Commission since Dow Jones launched the offer on Sept. 26, but it does n't change the terms and conditions of the offer except to extend its expiration date.    ",launched,filed,0 0 0 0 0 0 0 0 effect 0 0 0 0 0 0 0 0 0 cause 0 0 0 0 0 0 0 0 0 0 0 0 0 0 0 0 0 0 0 0 0 0 0 0 0 0,cause
145,"The supplement contains various information that has been filed with the Securities and Exchange Commission since Dow Jones launched the offer on Sept. 26, but it does n't change the terms and conditions of the offer except to extend its expiration date.    ",offer,filed,0 0 0 0 0 0 0 0 effect 0 0 0 0 0 0 0 0 0 0 0 cause 0 0 0 0 0 0 0 0 0 0 0 0 0 0 0 cause 0 0 0 0 0 0 0 0,cause
146,"According to the filing, Hewlett-Packard acquired 730,070 common shares from Octel as a result of an Aug. 10, 1988, stock purchase agreement. ",agreement,acquired,0 0 0 0 0 0 0 0 effect 0 0 0 0 0 0 0 0 0 0 0 0 0 0 0 0 0 cause 0,cause
147,"According to the filing, Hewlett-Packard acquired 730,070 common shares from Octel as a result of an Aug. 10, 1988, stock purchase agreement. ",purchase,acquired,0 0 0 0 0 0 0 0 effect 0 0 0 0 0 0 0 0 0 0 0 0 0 0 0 0 cause 0 0,cause
148,"In addition, Hewlett-Packard acquired a two-year option to buy an extra 10%, of which half may be sold directly to Hewlett-Packard by Octel. ",acquired,buy,0 0 0 0 0 0 cause 0 0 0 0 0 0 effect 0 0 0 0 0 0 0 0 0 0 0 0 0 0 0 0 0 0 0,cause
149,"In the past two months the nation's 88 junk funds have lost a total of about $6 billion -- more than 15% of assets -- through sales or transfers of junk-fund shares, Dalbar says. ",transfers,lost,0 0 0 0 0 0 0 0 0 0 0 0 effect 0 0 0 0 0 0 0 0 0 0 0 0 0 0 0 0 0 0 cause 0 0 0 0 0 0 0 0 0,cause
150,"In the past two months the nation's 88 junk funds have lost a total of about $6 billion -- more than 15% of assets -- through sales or transfers of junk-fund shares, Dalbar says. ",sales,lost,0 0 0 0 0 0 0 0 0 0 0 0 effect 0 0 0 0 0 0 0 0 0 0 0 0 0 0 0 0 cause 0 0 0 0 0 0 0 0 0 0 0,cause
151,"Such selling could erode prices of high-yield junk bonds, already weakened by a rash of corporate credit problems.    ",rash,weakened,0 0 0 0 0 0 0 0 0 0 0 0 0 effect 0 0 cause 0 0 0 0 0 0,cause
152,"Junk-fund holders have barely broken even this year, as fat interest payments barely managed to offset declining prices. ",managed,broken,0 0 0 0 0 0 effect 0 0 0 0 0 0 0 0 0 cause 0 0 0 0 0,cause
153,"Many funds in recent weeks and months have been selling their highest-quality junk issues, such as RJR Nabisco, to raise cash to meet expected redemptions.    ",selling,meet,0 0 0 0 0 0 0 0 0 cause 0 0 0 0 0 0 0 0 0 0 0 0 0 0 0 0 effect 0 0 0 0,cause
154,"Many funds in recent weeks and months have been selling their highest-quality junk issues, such as RJR Nabisco, to raise cash to meet expected redemptions.    ",selling,raise,0 0 0 0 0 0 0 0 0 cause 0 0 0 0 0 0 0 0 0 0 0 0 0 effect 0 0 0 0 0 0 0,cause
155,"At the same time, the sheer size of the loss, coupled with a slowing of orders, made some securities analysts wonder just how strong that turnaround will be at the computer maker and defense-electronics concern.    ",loss,wonder,0 0 0 0 0 0 0 0 0 0 cause 0 0 0 0 0 0 0 0 0 0 0 0 effect 0 0 0 0 0 0 0 0 0 0 0 0 0 0 0 0 0 0,cause
156,"The company also took a write-off of $150 million to cover losses on some fixed-price defense contracts, as some new managers took a hard look at the prospects for that slow-growing business. ",look,took,0 0 0 effect 0 0 0 0 0 0 0 0 0 0 0 0 0 0 0 0 0 0 0 0 0 0 0 effect 0 0 cause 0 0 0 0 0 0 0 0 0 0,cause
157,"In addition, Unisys set up an unspecified reserve -- apparently $60 million to $70 million -- to cover the minimum amount it will have to pay the government because of its involvement in the defense-procurement scandal. ",involvement,set,0 0 0 0 effect 0 0 0 0 0 0 0 0 0 0 0 0 0 0 0 0 0 0 0 0 0 0 0 0 0 0 0 0 0 cause 0 0 0 0 0 0 0,cause
158,"That would be a huge problem if it were to continue, because Unisys is betting its business on the assumption that customers want to move away from using operating systems that run on only one manufacturer's equipment and toward systems -- mainly Unix -- that work on almost anyone's machines.    ",betting,problem,0 0 0 0 0 effect 0 0 0 0 0 0 0 0 0 cause 0 0 0 0 0 0 0 0 0 0 0 0 0 0 0 0 0 0 0 0 0 0 0 0 0 0 0 0 0 0 0 0 0 0 0 0 0 0 0,cause
159,"That, he said, is why Unisys is overhauling its whole business: It needs to prepare for a world in which profit margins will be lower than computer companies have been used to.    ",needs,overhauling,0 0 0 0 0 0 0 0 0 effect 0 0 0 0 0 cause 0 0 0 0 0 0 0 0 0 0 0 0 0 0 0 0 0 0 0 0 0,cause
160,"But the company said Friday that it had losses of $673.3 million through the first nine months, compared with earnings a year earlier of $382.2 million, or $2.22 a share fully diluted, as revenue inched up 1.4% to $7.13 billion from $7.03 billion. ",inched,losses,0 0 0 0 0 0 0 0 effect 0 0 0 0 0 0 0 0 0 0 0 0 0 0 0 0 0 0 0 0 0 0 0 0 0 0 0 0 0 0 0 cause 0 0 0 0 0 0 0 0 0 0 0 0,cause
161,"Ralston Purina Co. reported a 47% decline in fourth-quarter earnings, reflecting restructuring costs as well as a more difficult pet food market.    ",costs,decline,0 0 0 0 0 0 0 effect 0 0 0 0 0 0 0 0 cause 0 0 0 0 0 0 0 0 0 0 0,cause
162,"Ralston attributed its fourth-quarter slump partly to higher costs of ingredients in the pet food business as well as competitive pressures, which required higher advertising spending. ",pressures,slump,0 0 0 0 0 0 effect 0 0 0 0 0 0 0 0 0 0 0 0 0 0 0 cause 0 0 0 0 0 0 0,cause
163,"Ralston attributed its fourth-quarter slump partly to higher costs of ingredients in the pet food business as well as competitive pressures, which required higher advertising spending. ",costs,slump,0 0 0 0 0 0 effect 0 0 0 cause 0 0 0 0 0 0 0 0 0 0 0 0 0 0 0 0 0 0 0,cause
164,Ralston said its Eveready battery unit  was hurt by continuing economic problems in South America.,problems,hurt,0 0 0 0 0 0 0 effect 0 0 0 cause 0 0 0 0,cause
165,Ralston said its Eveready battery unit  was hurt by continuing economic problems in South America.,continuing,hurt,0 0 0 0 0 0 0 effect 0 cause 0 0 0 0 0 0,cause
166,"Aetna Life amp Casualty Co.'s third-quarter net income fell 22% to $182.6 million, or $1.63 a share, reflecting the damages from Hurricane Hugo and lower results for some of the company's major divisions.    ",results,fell,0 0 0 0 0 0 0 0 0 0 0 effect 0 0 0 0 0 0 0 0 0 0 0 0 0 0 0 0 0 0 0 0 0 cause 0 0 0 0 0 0 0 0 0 0,cause
167,"Catastrophe losses reduced Aetna's net income by $50 million, including $36 million from Hugo. ",losses,reduced,0 cause effect 0 0 0 0 0 0 0 0 0 0 0 0 0 0 0 0,cause
168,"But because these claims are more difficult to evaluate and have been coming in more slowly, the company has no estimate of the impact of the earthquake on fourth-quarter results.    ",coming,estimate,0 0 0 0 0 0 0 0 0 0 0 0 cause 0 0 0 0 0 0 0 0 effect 0 0 0 0 0 0 0 0 0 0 0 0 0,cause
169,N.V. DSM said net income in the third quarter jumped 63% as the company had substantially lower extraordinary charges to account for a restructuring program.,charges,jumped,0 0 0 0 0 0 0 0 0 effect 0 0 0 0 0 0 0 0 0 cause 0 0 0 0 0 0 0,cause
170,The charges were offset in part by a gain from the sale of the company's construction division.,sale,gain,0 0 0 0 0 0 0 0 effect 0 0 cause 0 0 0 0 0 0 0,cause
171,The charges were offset in part by a gain from the sale of the company's construction division.,gain,offset,0 0 0 effect 0 0 0 0 cause 0 0 0 0 0 0 0 0 0 0,cause
172,The earnings growth also was fueled by the company's ability to cut net financing spending by half to around 15 million guilders.,cut,growth,0 0 effect 0 0 0 0 0 0 0 0 0 cause 0 0 0 0 0 0 0 0 0 0 0,cause
173,"StatesWest Airlines, Phoenix, Ariz., said it withdrew its offer to acquire Mesa Airlines because the Farmington, N.M., carrier did n't respond to its offer by the close of business yesterday, a deadline StatesWest had set for a response.    ",respond,withdrew,0 0 0 0 0 0 0 0 0 effect 0 0 0 0 0 0 0 0 0 0 0 0 0 0 0 cause 0 0 0 0 0 0 0 0 0 0 0 0 0 0 0 0 0 0 0 0,cause
174,BLOCKBUSTER ENTERTAINMENT CORP. said it raised $92 million from an offering of liquid yield option notes.,offering,raised,0 0 0 0 0 0 effect 0 0 0 0 0 cause 0 0 0 0 0 0,cause
175,"Net income includes an extraordinary gain of about $100,000 from the reversal of bad debt and interest income. ",reversal,gain,0 0 0 0 0 effect 0 0 0 0 0 0 cause 0 0 0 0 0 0 0,cause
176,"But as the craze died, Coleco failed  to come up with another winner and filed for bankruptcy-law protection in July 1988.    ",died,failed,0 0 0 0 cause 0 0 effect 0 0 0 0 0 0 0 0 0 0 0 0 0 0 0 0 0 0,cause
177,"But as the craze died, Coleco failed  to come up with another winner and filed for bankruptcy-law protection in July 1988.    ",died,filed,0 0 0 0 cause 0 0 0 0 0 0 0 0 0 0 effect 0 0 0 0 0 0 0 0 0 0,cause
178,Mr. Lortie joined Provigo in 1985 and spearheaded the company's drive to grow outside its traditional food business.,joined,grow,0 0 cause 0 0 0 0 0 0 0 0 0 0 effect 0 0 0 0 0 0,cause
179,"Last month, Canadian Bond Rating Service downgraded Provigo's commercial paper and debentures because of its lackluster performance.    ",performance,downgraded,0 0 0 0 0 0 0 effect 0 0 0 0 0 0 0 0 0 0 cause 0 0,cause
180,"After the split, the company will have more than 4.7 million shares outstanding. ",split,have,0 0 cause 0 0 0 0 effect 0 0 0 0 0 0 0,cause
181,Iraq said the roundup was  to protect them from unspecifiedthreats; British Foreign Office minister William Waldegrave calledthe order ``grave and sinister.'',roundup,protect,0 0 0 cause 0 0 effect 0 0 0 0 0 0 0 0 0 0 0 0 0 0 0 0 0 0 0,cause
182,"``We continue  to pray and pray hard to God so that there will beno confrontation whereby you  will receive thousands of Americanswrapped in sad coffins after you  had pushed them into a darktunnel,'' Saddam said.   ",pray,confrontation,0 0 0 0 0 cause 0 cause 0 0 0 0 0 0 0 0 effect 0 0 0 0 0 0 0 0 0 0 0 0 0 0 0 0 0 0 0 0 0 0 0 0,cause
183,"An international land, sea and air force  has mobilized sinceIraq's invasion, which  was sparked by disputes over oil, land andrepayment of war loans.   ",disputes,sparked,0 0 0 0 0 0 0 0 0 0 0 0 0 0 0 0 effect 0 cause 0 0 0 0 0 0 0 0 0 0,cause
184,The president also has offered  to help offsetJordan's costs because 40 percent of its exports go to Iraq and 90percent of its oil comes from there.,go,offered,0 0 0 0 effect 0 0 0 0 0 0 0 0 0 0 0 cause 0 0 0 0 0 0 0 0 0 0 0,cause
185,The president also has offered  to help offsetJordan's costs because 40 percent of its exports go to Iraq and 90percent of its oil comes from there.,comes,offered,0 0 0 0 effect 0 0 0 0 0 0 0 0 0 0 0 0 0 0 0 0 0 0 0 cause 0 0 0,cause
186,The president also has offered  to help offsetJordan's costs because 40 percent of its exports go to Iraq and 90percent of its oil comes from there.,go,help,0 0 0 0 0 0 effect 0 0 0 0 0 0 0 0 0 cause 0 0 0 0 0 0 0 0 0 0 0,cause
187,The president also has offered  to help offsetJordan's costs because 40 percent of its exports go to Iraq and 90percent of its oil comes from there.,comes,help,0 0 0 0 0 0 effect 0 0 0 0 0 0 0 0 0 0 0 0 0 0 0 0 0 cause 0 0 0,cause
188,"Bethlehem Steel Corp., hammered by higher costs and lower shipments to key automotive and service-center customers, posted a 54% drop in third-quarter profit.    ",hammered,drop,0 0 0 0 cause 0 0 0 0 0 0 0 0 0 0 0 0 0 0 0 0 0 0 0 effect 0 0 0 0 0 0 0,cause
189,"In the year-ago period, Bethlehem earned $101.4 million, or $1.27 a share, including a $3.8 million gain from early retirement of debt.    ",retirement,gain,0 0 0 0 0 0 0 0 0 0 0 0 0 0 0 0 0 0 0 0 0 0 0 0 effect 0 0 cause 0 0 0 0,cause
190,"The company said its shipments declined as a result of a reduction in inventories by service centers, a lackluster automotive market and increasing competitive pressures in the construction market.    ",reduction,declined,0 0 0 0 0 effect 0 0 0 0 0 cause 0 0 0 0 0 0 0 0 0 0 0 0 0 0 0 0 0 0 0 0,cause
191,"Sales dropped to $441.1 million from $820.4 million, because the company no longer consolidates its Eastern Steel division, which is now a joint venture with Kawasaki Steel Corp.    Along with reduced volume, analysts said the nation's fifth largest steelmaker was hurt by holding higher-cost inventory when raw material costs of such key products as nickel dropped. ",consolidates,dropped,0 effect 0 0 0 0 0 0 0 0 0 0 0 0 0 0 cause 0 0 0 0 0 0 0 0 0 0 0 0 0 0 0 0 0 0 0 0 0 0 0 0 0 0 0 0 0 0 0 0 0 0 0 0 0 0 0 0 0 0 0 0 0 0 0 effect 0,cause
192,The latest period includes gains of $9.1 million from early retirement of debt and tax loss carry-forward.,carry-forward,gains,0 0 0 0 effect 0 0 0 0 0 0 0 0 0 0 0 0 0 0 0 0,cause
193,The latest period includes gains of $9.1 million from early retirement of debt and tax loss carry-forward.,retirement,gains,0 0 0 0 effect 0 0 0 0 0 0 cause 0 0 0 0 0 0 0 0 0,cause
194,"The company noted that its Fox-Meyer Drug Co., Ben Franklin Stores Inc. and Permian Corp. operations showed improvements as a result of restructuring moves. ",moves,improvements,0 0 0 0 0 0 0 0 0 0 0 0 0 0 0 0 0 0 0 0 effect 0 0 0 0 0 cause 0,cause
195,"However, its equity in the net income of National Steel declined to $6.3 million from $10.9 million as a result of softer demand and lost orders following prolonged labor talks and a threatened strike. ",orders,declined,0 0 0 0 0 0 0 0 0 0 0 effect 0 0 0 0 0 0 0 0 0 0 0 0 0 0 0 0 cause 0 0 0 0 0 0 0 0 0,cause
196,"However, its equity in the net income of National Steel declined to $6.3 million from $10.9 million as a result of softer demand and lost orders following prolonged labor talks and a threatened strike. ",demand,declined,0 0 0 0 0 0 0 0 0 0 0 effect 0 0 0 0 0 0 0 0 0 0 0 0 0 cause 0 0 0 0 0 0 0 0 0 0 0 0,cause
197,"If the government succeeds in seizing Mr. Antar's assets, he could be left without top-flight legal representation, because his attorneys are likely to quit, according to individuals familiar with the case. ",quit,left,0 0 0 0 0 0 0 0 0 0 0 0 0 0 effect 0 0 0 0 0 0 0 0 0 0 0 0 0 cause 0 0 0 0 0 0 0 0 0,cause
198,"In a letter, prosecutors told Mr. Antar's lawyers that because of the recent Supreme Court rulings, they could expect that any fees collected from Mr. Antar may be seized. ",rulings,expect,0 0 0 0 0 0 0 0 0 0 0 0 0 0 0 0 0 cause 0 0 0 effect 0 0 0 0 0 0 0 0 0 0 0,cause
199,"Mr. Antar, the SEC said, made more than $60 million from the sale of his shares between 1985 and 1987.    ",sale,made,0 0 0 0 0 0 0 effect 0 0 0 0 0 0 0 cause 0 0 0 0 0 0 0 0 0,cause
200,"The companies said the transaction is being structured this way because the laws of the Netherlands Antilles, under which Erbamont is organized, do n't provide for merger transactions. ",provide,structured,0 0 0 0 0 0 0 effect 0 0 0 0 0 0 0 0 0 0 0 0 0 0 0 0 0 0 cause 0 0 0 0,cause
201,"Columbia also added $227.3 million to reserves for losses on the portfolio, increasing general reserves to $300 million, or about 6.7% of the total portfolio, as of Sept. 30. ",added,increasing,0 0 cause 0 0 0 0 0 0 0 0 0 0 0 effect 0 0 0 0 0 0 0 0 0 0 0 0 0 0 0 0 0 0 0 0 0,cause
202,The quarterly results also reflected $21.4 million in non-recurring losses from commercial real-estate activities in California.,activities,losses,0 0 0 0 0 0 0 0 0 0 0 0 effect 0 0 0 0 0 cause 0 0 0,cause
203,"Thomas Spiegel, Columbia's chairman, said in a statement that the thrift was "" disappointed"" by the effects of the accounting changes. ",changes,disappointed,0 0 0 0 0 0 0 0 0 0 0 0 0 0 0 0 effect 0 0 0 0 0 0 0 cause 0,cause
204,"Columbia officials said they do n't know how quickly they will dispose of the thrift's junk bonds, because federal regulations, such as those that would allow thrifts to continue holding the bonds in separately capitalized subsidiaries, have n't yet been completed.    ",completed,know,0 0 0 0 0 0 effect 0 0 0 0 0 0 0 0 0 0 0 0 0 0 0 0 0 0 0 0 0 0 0 0 0 0 0 0 0 0 0 0 0 0 0 0 0 cause 0 0,cause
205,"Taken together, the worries prompted a broad sell-off of stocks. ",worries,sell-off,0 0 0 0 cause 0 0 0 0 0 0 0 0 0,cause
206,"Although the government said the economy grew an estimated 2.5% in the third quarter, in line with expectations, analysts are increasingly predicting much more sluggish growth -- and therefore more corporate earnings disappointments -- for the fourth quarter.    ",grew,disappointments,0 0 0 0 0 0 cause 0 0 0 0 0 0 0 0 0 0 0 0 0 0 0 0 0 0 0 0 0 0 0 0 0 0 0 0 effect 0 0 0 0 0 0 0,cause
207,"Robert Mellor, Di Giorgio's executive vice president, said the company stands to reap more money through the sale of individual units to others than by accepting DIG's offer. ",sale,reap,0 0 0 0 0 0 0 0 0 0 0 0 0 0 0 effect 0 0 0 0 cause 0 0 0 0 0 0 0 0 0 0 0 0,cause
208,The bank also said its effort would continue past the Nov. 1 deadline set in that agreement and that the litigation between the two sides might resume as a result.,continue,resume,0 0 0 0 0 0 0 cause 0 0 0 0 0 0 0 0 0 0 0 0 0 0 0 0 0 0 effect 0 0 0 0,cause
209,The thrift and the holders had suspended their lawsuits as part of the agreement.,agreement,suspended,0 0 0 0 0 0 effect 0 0 0 0 0 0 cause 0,cause
210,Year-earlier results included an extraordinary gain of $1.6 million from a buy-back of convertible subordinated debentures.,buy-back,gain,0 0 0 0 0 0 0 effect 0 0 0 0 0 0 0 0 0 0 0 0 0 0,cause
211,"He went on to addthat ""in so doing you not only return a nation to its people,but you will destroy the war machine of a ruthless dictator.""   ",doing,destroy,0 0 0 0 0 0 0 0 cause 0 0 0 0 0 0 0 0 0 0 0 0 0 effect 0 0 0 0 0 0 0 0 0 0,cause
212,Iraq still  has the potential to cause significant problems by using forces and weapons that don't yet seem fully engaged.,using,problems,0 0 0 0 0 0 0 0 effect 0 cause 0 0 0 0 0 0 0 0 0 0 0,cause
213,"Despite these early successes, the mere fact that a groundcampaign has begun almost guarantees that the Bushadministration will face fresh problems growing out of themilitary situation. ",situation,problems,0 0 0 0 0 0 0 0 0 0 0 0 0 0 0 0 0 0 0 0 0 effect 0 0 0 0 cause 0,cause
214,President Bush's political argument for going to a groundwar has been strengthened by the growing stream of reports ofwanton Iraqi destruction inside Kuwait.,destruction,argument,0 0 0 0 effect 0 0 0 0 0 0 0 0 0 0 0 0 0 0 0 0 cause 0 0 0,cause
215,"He argued setting an explicit deadline forSaddam Hussein to break would, when it was broken, give theU.S. military a clear green light to proceed.   ",break,proceed,0 0 0 0 0 0 0 0 0 cause 0 0 0 0 0 0 0 0 0 0 0 0 0 0 0 effect 0 0,cause
216,"After cabling world leadersabout his intention to give Saddam Hussein a final deadlineto exit Kuwait, he offered him a week to withdraw fully  , instead of the four days he originally considered, because ofobjections from some European partners that four days seemedpunitive and unrealistic.   ",objections,offered,0 0 0 0 0 0 0 0 0 0 0 0 0 0 0 0 0 effect 0 0 0 0 0 0 0 0 0 0 0 0 0 0 0 0 0 0 0 0 0 0 0 0 0 0 0 0 0 0,cause
217,"And when he and President Gorbachev spoke about thedecision in a talk lasting nearly an hour, the President tookpains to listen to what his counterpart had to say, althoughhe already had decided that the Soviet alternative to theallied deadline was unacceptable.   ",spoke,took,0 0 0 0 0 0 cause 0 0 0 0 0 0 0 0 0 0 0 0 0 0 0 0 0 0 0 0 0 0 0 0 0 0 0 0 0 0 0 0 0 0 0 0 0 0,cause
218,Thatwould undermine any chances of rebuilding either Iraq or itsarmed forces in short order as long as Saddam Hussein remainsin power.,remains,undermine,0 effect 0 0 0 0 0 0 0 0 0 0 0 0 0 0 0 0 0 0 0 0,cause
219,And the U.S. now will face sharper questionsin the Arab world since it did n't  back  the peace proposalsworked out in Moscow.,back,face,0 0 0 0 0 effect 0 0 0 0 0 0 0 0 0 cause 0 0 0 0 0 0 0,cause
220,"Anheuser-Busch Cos. said it plans to aggressively discount its major beer brands, setting the stage for a potentially bruising price war as the maturing industry's growth continues to slow.    ",plans,growth,0 0 0 0 0 0 0 cause 0 0 0 0 0 0 0 0 0 0 0 0 0 0 0 0 0 0 0 0 0 0 effect 0 0 0 0 0,cause
221,"Anheuser-Busch Cos. said it plans to aggressively discount its major beer brands, setting the stage for a potentially bruising price war as the maturing industry's growth continues to slow.    ",plans,slow,0 0 0 0 0 0 0 cause 0 0 0 0 0 0 0 0 0 0 0 0 0 0 0 0 0 0 0 0 0 0 0 0 0 effect 0 0,cause
222,"Shares of Coors, the company's sole publicly traded major competitor, fell $1.50 apiece to $19.125 in national over-the-counter trading, apparently on investor concerns over potential fallout from the coming pricing struggle.    ",struggle,fallout,0 0 0 0 0 0 0 0 0 0 0 0 0 0 0 0 0 0 0 0 0 0 0 0 0 0 0 0 0 0 0 0 0 0 0 effect 0 0 0 0 cause 0 0,cause
223,"On Friday, Intel began notifying customers about the bugs which cause the chip to give wrong answers for some mathematical calculations.    ",bugs,answers,0 0 0 0 0 0 0 0 0 cause 0 0 0 0 0 0 0 effect 0 0 0 0 0 0,cause
224,"Nonetheless, concern about the chip may have been responsible for a decline of 87.5 cents in Intel's stock to $32 a share yesterday in over-the-counter trading, on volume of 3,609,800 shares, and partly responsible for a drop in Compaq's stock in New York Stock Exchange composite trading on Wednesday. ",concern,decline,0 0 cause 0 0 0 0 0 0 0 0 0 effect 0 0 0 0 0 0 0 0 0 0 0 0 0 0 0 0 0 0 0 0 0 0 0 0 0 0 0 0 0 0 0 0 0 0 0 0 0 0 0 0 0 0 0 0 0 0 0,cause
225,"Nonetheless, concern about the chip may have been responsible for a decline of 87.5 cents in Intel's stock to $32 a share yesterday in over-the-counter trading, on volume of 3,609,800 shares, and partly responsible for a drop in Compaq's stock in New York Stock Exchange composite trading on Wednesday. ",concern,drop,0 0 cause 0 0 0 0 0 0 0 0 0 0 0 0 0 0 0 0 0 0 0 0 0 0 0 0 0 0 0 0 0 0 0 0 0 0 0 0 0 0 0 0 0 0 effect 0 0 0 0 0 0 0 0 0 0 0 0 0 0,cause
226,Intel said it had corrected the problems and would start producing bugless chips next week.,corrected,producing,0 0 0 0 cause 0 0 0 0 0 effect 0 0 0 0 0,cause
227,"Du Pont, unlike companies hurt badly by sharp price declines for basic chemicals and plastics, is benefiting from its broad range of businesses. ",declines,hurt,0 0 0 0 0 effect 0 0 0 0 cause 0 0 0 0 0 0 0 0 0 0 0 0 0 0 0,cause
228,"Du Pont, unlike companies hurt badly by sharp price declines for basic chemicals and plastics, is benefiting from its broad range of businesses. ",businesses,benefiting,0 0 0 0 0 0 0 0 0 0 0 0 0 0 0 0 0 0 effect 0 0 0 0 0 cause 0,cause
229,"The profit gain was made despite a weakening in the housing market, for which the company is a supplier, and a strengthening in the dollar, which lowers the value of overseas earnings when they are translated into dollars.    ",strengthening,lowers,0 0 0 0 0 0 0 0 0 0 0 0 0 0 0 0 0 0 0 0 0 0 0 cause 0 0 0 0 0 effect 0 0 0 0 0 0 0 0 0 0 0 0 0,cause
230,"The company benefited from continued strong demand and higher selling prices for titanium dioxide, a white pigment used in paints, paper and plastics.    ",demand,benefited,0 0 effect 0 0 0 cause 0 0 0 0 0 0 0 0 0 0 0 0 0 0 0 0 0 0 0 0,cause
231,"Profit climbed to $98 million from $71 million in the petroleum segment, as Du Pont's Conoco Inc. oil company was helped by crude oil prices higher than a year ago and by higher natural gas prices and volume.    ",helped,climbed,0 effect 0 0 0 0 0 0 0 0 0 0 0 0 0 0 0 0 0 0 0 0 0 0 cause 0 0 0 0 0 0 0 0 0 0 0 0 0 0 0 0 0 0 0,cause
232,"A spokesman said herbicide use in some areas of the U.S. was delayed earlier in the year by heavy rains, thus increasing sales in the third quarter.    ",rains,delayed,0 0 0 0 0 0 0 0 0 0 0 0 effect 0 0 0 0 0 0 cause 0 0 0 0 0 0 0 0 0 0,cause
233,"In the fibers segment, profit rose to $180 million from $155 million, a gain Du Pont attributed to higher demand in the U.S. for most textile products.    ",demand,rose,0 0 0 0 0 0 effect 0 0 0 0 0 0 0 0 0 0 0 0 0 0 0 0 cause 0 0 0 0 0 0 0 0 0,cause
234,"Profit from coal fell to $41 million from $58 million, partly because of a miners' strike. ",strike,fell,0 0 0 effect 0 0 0 0 0 0 0 0 0 0 0 0 0 0 0 cause 0,cause
235,"The directors said if Messrs. Drabinsky and Gottlieb mail an offer to shareholders by Nov. 22, it will reimburse them a maximum of C$8.5 million for expenses related to a bid.    ",offer,reimburse,0 0 0 0 0 0 0 0 0 0 cause 0 0 0 0 0 0 0 0 effect 0 0 0 0 0 0 0 0 0 0 0 0 0 0 0,cause
236,"The directors said if Messrs. Drabinsky and Gottlieb mail an offer to shareholders by Nov. 22, it will reimburse them a maximum of C$8.5 million for expenses related to a bid.    ",mail,reimburse,0 0 0 0 0 0 0 0 cause 0 0 0 0 0 0 0 0 0 0 effect 0 0 0 0 0 0 0 0 0 0 0 0 0 0 0,cause
237,"Even as Saddam Hussein was searching for a ploy to ease his isolation, though, the international pressure against him clicked up another notch. ",isolation,clicked,0 0 0 0 0 0 0 0 0 0 0 0 cause 0 0 0 0 0 0 0 0 effect 0 0 0 0,cause
238,President Bush implied as much yesterday when reporters asked whether the interdiction would apply to food.,asked,implied,0 0 effect 0 0 0 0 0 cause 0 0 0 0 0 0 0 0,cause
239,"But that option is growing less and less likely as thousands of American, British, Egyptian, Syrian and Moroccan forces assemble in and around Saudi Arabia to protect the kingdom. ",assemble,growing,0 0 0 0 effect 0 0 0 0 0 0 0 0 0 0 0 0 0 0 0 0 0 cause 0 0 0 0 0 0 0 0 0 0,cause
240,"The Saudis even have in their possession 48 Kuwaiti jet fighters, virtually the entire Kuwaiti air force, which managed to escape the Iraqi invasion, Saudi officials said. ",possession,escape,0 0 0 0 0 0 cause 0 0 0 0 0 0 0 0 0 0 0 0 0 0 0 effect 0 0 0 0 0 0 0 0,cause
241,Israel has publicly declared that it will respond to an Iraqi attack on Jordan because it wo n't allow Iraq's dangerous army to take control of Jordan's long border with Israel.,respond,allow,0 0 0 0 0 0 0 cause 0 0 0 0 0 0 0 0 0 0 effect 0 0 0 0 0 0 0 0 0 0 0 0 0 0 0,cause
242,"But the administration is n't putting any upper limit on how high the force could go after that, calculating that it would be a mistake to underestimate and an advantage to keep Saddam Hussein guessing. ",calculating,putting,0 0 0 0 0 effect 0 0 0 0 0 0 0 0 0 0 0 0 0 cause 0 0 0 0 0 0 0 0 0 0 0 0 0 0 0 0 0,cause
243,And the U.S. is taking similar steps to ensure that its naval force is adequate to carry out a blockade of Iraq and support a war if necessary.,taking,ensure,0 0 0 0 cause 0 0 0 effect 0 0 0 0 0 0 0 0 0 0 0 0 0 0 0 0 0 0 0 0,cause
244,"Profit at the unit fell to $110.6 million, or 37 cents a share, from $142.4 million, or 45 cents a share, largely because of a $24 million one-time charge associated with Hughes's previously announced plan to reduce employment by at least 6,000 people by year end. ",plan,fell,0 0 0 0 effect 0 0 0 0 0 0 0 0 0 0 0 0 0 0 0 0 0 0 0 0 0 0 0 0 0 0 0 0 0 0 0 0 0 0 0 0 0 0 0 cause 0 0 0 0 0 0 0 0 0 0 0 0,cause
245,"In addition, GM's North American vehicle production fell 8.4% from a year ago, which hurt Delco Electronic's earnings, a company spokesman said. ",fell,hurt,0 0 0 0 0 0 0 0 0 cause 0 0 0 0 0 0 0 0 effect 0 0 0 0 0 0 0 0 0 0,cause
246,"GMAC said its automotive financing and leasing business rose 35% in the U.S., largely because of dealer and customer incentives used to boost sales. ",used,rose,0 0 0 0 0 0 0 0 effect 0 0 0 0 0 0 0 0 0 0 0 0 0 cause 0 0 0 0,cause
247,The restaurant operator cited transaction costs from its 1988 recapitalization as a result of a $160 million restructuring of its bank debt.,restructuring,cited,0 0 0 effect 0 0 0 0 0 0 0 0 0 0 0 0 0 0 cause 0 0 0 0 0,cause
248,"It received more offers, but the auction was surprisingly won by IMA, which bid $28 a share and asked Mr. Gilleland to stay on as an equity participant. ",won,stay,0 0 0 0 0 0 0 0 0 0 cause 0 0 0 0 0 0 0 0 0 0 0 0 0 0 effect 0 0 0 0 0 0,cause
249,"It received more offers, but the auction was surprisingly won by IMA, which bid $28 a share and asked Mr. Gilleland to stay on as an equity participant. ",won,bid,0 0 0 0 0 0 0 0 0 0 cause 0 0 0 0 effect 0 0 0 0 0 0 0 0 0 0 0 0 0 0 0 0,cause
250,"DPC Acquisition added that it has not begun discussions with financing sources, and said it expected to repay the amounts borrowed through proceeds of the liquidation.    ",liquidation,repay,0 0 0 0 0 0 0 0 0 0 0 0 0 0 0 0 0 0 effect 0 0 0 0 0 0 0 cause 0 0,cause
251,"Earlier this year, DPC Acquisition made a $15-a-share offer for Dataproducts, which the Dataproducts board said it rejected because the $283.7 million offer was not fully financed. ",financed,rejected,0 0 0 0 0 0 0 0 0 0 0 0 0 0 0 0 0 0 0 0 0 0 0 0 effect 0 0 0 0 0 0 0 0 0 cause 0,cause
252,"However, the company's petroleum services segment, while profitable, was hurt by high financing costs associated with the company's buy-out of a 50% stake in Eastman Christensen Co. from Texas Eastern Corp. last June. ",buy-out,hurt,0 0 0 0 0 0 0 0 0 0 0 0 0 effect 0 0 0 0 0 0 0 0 0 0 0 0 0 0 0 0 0 0 0 0 0 0 0 0 0 0 0 0,cause
253,The slowdown raises questions about the economy's strength because spending fueled much of the third-quarter GNP growth.,fueled,raises,0 0 effect 0 0 0 0 0 0 0 0 cause 0 0 0 0 0 0 0 0 0,cause
254,But the new pact will force huge debt on the new firm and could still fail to thwart rival suitor McCaw Cellular.,pact,force,0 0 0 cause 0 effect 0 0 0 0 0 0 0 0 0 0 0 0 0 0 0 0 0,cause
255,But the new pact will force huge debt on the new firm and could still fail to thwart rival suitor McCaw Cellular.,pact,fail,0 0 0 cause 0 0 0 0 0 0 0 0 0 0 0 effect 0 0 0 0 0 0 0,cause
256,---   Unisys posted a $648.2 million loss for the third quarter as it moved quickly to take write-offs for various problems and prepare for a turnaround.,prepare,loss,0 0 0 0 0 0 0 0 effect 0 0 0 0 0 0 0 0 0 0 0 0 0 0 0 0 0 cause 0 0 0 0,cause
257,---   Unisys posted a $648.2 million loss for the third quarter as it moved quickly to take write-offs for various problems and prepare for a turnaround.,moved,loss,0 0 0 0 0 0 0 0 effect 0 0 0 0 0 0 cause 0 0 0 0 0 0 0 0 0 0 0 0 0 0 0,cause
258,The company said it was delaying construction because of current market conditions.,conditions,delaying,0 0 0 0 0 effect 0 0 0 0 0 cause 0,cause
259,"""Cheerios and Honey Nut Cheerios have eaten away sales normally going to Kellogg's corn-based lines simply because they are made of oats,"" says Merrill Lynch food analyst William Maguire. ",made,eaten,0 0 0 0 0 0 0 effect 0 0 0 0 0 0 0 0 0 0 0 0 0 0 0 cause 0 0 0 0 0 0 0 0 0 0 0 0,cause
260,"General Mills, meanwhile , finds itself constrained from boosting sales further because its plants are operating at capacity. ",operating,constrained,0 0 0 0 0 0 0 effect 0 0 0 0 0 0 0 0 cause 0 0 0,cause
261,"""As we regain our leadership level where we have been, and as we continue to put new products into the marketplace and need additional capacity, we will look at resuming our involvement with our plan,"" he said.    ",regain,look,0 0 0 cause 0 0 0 0 0 0 0 0 0 0 0 0 0 0 0 0 0 0 0 0 0 0 0 0 0 0 effect 0 0 0 0 0 0 0 0 0 0 0 0 0,cause
262,"""As we regain our leadership level where we have been, and as we continue to put new products into the marketplace and need additional capacity, we will look at resuming our involvement with our plan,"" he said.    ",continue,look,0 0 0 0 0 0 0 0 0 0 0 0 0 0 0 cause 0 0 0 0 0 0 0 0 0 0 0 0 0 0 effect 0 0 0 0 0 0 0 0 0 0 0 0 0,cause
263,London shares were depressed initially by overnight losses in New York and by the drop in sterling after Mr. Lawson's resignation.,drop,depressed,0 0 0 effect 0 0 0 0 0 0 0 0 0 0 cause 0 0 0 0 0 0 0 0,cause
264,London shares were depressed initially by overnight losses in New York and by the drop in sterling after Mr. Lawson's resignation.,losses,depressed,0 0 0 effect 0 0 0 cause 0 0 0 0 0 0 0 0 0 0 0 0 0 0 0,cause
265,"A senior dealer with Warburg Securities noted British Gas, the most active blue-chip stock at 20 million shares traded, was affected by the political implications of Mr. Lawson's departure and Mrs. Thatcher's cabinet shuffle.    ",shuffle,affected,0 0 0 0 0 0 0 0 0 0 0 0 0 0 0 0 0 0 0 0 0 0 0 0 effect 0 0 0 0 0 0 0 0 0 0 0 0 0 0 cause 0 0,cause
266,"Other dealers added that the blue-chip stocks in general were hit by profit-taking over concerns that London shares will continue posting declines and the uncertainty over sterling given that Mr. Lawson's successor, John Major, had only been in the job one day.    ",posting,hit,0 0 0 0 0 0 0 0 0 0 0 0 effect 0 0 0 0 0 0 0 0 0 0 0 cause 0 0 0 0 0 0 0 0 0 0 0 0 0 0 0 0 0 0 0 0 0 0 0 0 0 0,cause
267,The Nikkei index was pressured down by profit-taking triggered by sharp advances made through this week and fell 151.20 points to 35527.29.,profit-taking,pressured,0 0 0 0 effect 0 0 0 0 0 0 0 0 0 0 0 0 0 0 0 0 0 0 0 0,cause
268,"But they failed to sell these stocks to client investors, who were cautious about the sharp gains these issues made this week, the Wako official said.    ",cautious,failed,0 0 effect 0 0 0 0 0 0 0 0 0 0 cause 0 0 0 0 0 0 0 0 0 0 0 0 0 0 0 0,cause
269,Traders said the market remains extremely nervous because of the wild swings seen on the New York Stock Exchange last week.,swings,nervous,0 0 0 0 0 0 effect 0 0 0 0 cause 0 0 0 0 0 0 0 0 0 0,cause
270,"Concern about declines in other markets, especially New York, caused selling pressure.    ",Concern,pressure,cause 0 0 0 0 0 0 0 0 0 0 0 0 effect 0 0,cause
271,"The Dearborn, Mich., energy company stopped paying a dividend in the third quarter of 1984 because of troubles at its Midland nuclear plant. ",troubles,stopped,0 0 0 0 0 0 0 effect 0 0 0 0 0 0 0 0 0 0 0 cause 0 0 0 0 0 0,cause
272,"Profit also suffered because of ""intense"" discounting in its long-haul trucking business, the company said.    ",discounting,suffered,0 0 effect 0 0 0 0 0 cause 0 0 0 0 0 0 0 0 0 0 0 0 0,cause
273,Other market-maker gripes: Program trading also causes the Nasdaq Composite Index to lose ground against other segments of the stock market.,trading,lose,0 0 0 0 0 0 0 cause 0 0 0 0 0 0 0 effect 0 0 0 0 0 0 0 0 0,cause
274,"Moreover, the price volatility that is amplified by program trading is undercutting efforts to woo individual investors back to an OTC market that sorely misses them.    ",trading,amplified,0 0 0 0 0 0 0 effect 0 0 cause 0 0 0 0 0 0 0 0 0 0 0 0 0 0 0 0 0 0,cause
275,"Peter DaPuzzo, head of retail equity trading at Shearson Lehman Hutton, acknowledges that he wasn't troubled by program trading when it began in the pre-crash bull market because it added liquidity and people were pleased to see stock prices rising.    ",added,troubled,0 0 0 0 0 0 0 0 0 0 0 0 0 0 0 0 0 0 effect 0 0 0 0 0 0 0 0 0 0 0 0 0 0 0 cause 0 0 0 0 0 0 0 0 0 0 0 0,cause
276,"And to protect their reduced capital investment from eroding further, market makers became quicker to lower price quotes when sell programs are in progress. ",lower,protect,0 0 effect 0 0 0 0 0 0 0 0 0 0 0 0 0 cause 0 0 0 0 0 0 0 0 0,cause
277,"But, he observes, while makers suffer losses when program trading drags the market down, they also make money when program trading pushes the prices higher. ",drags,suffer,0 0 0 0 0 0 0 effect 0 0 0 0 cause 0 0 0 0 0 0 0 0 0 0 0 0 0 0 0 0,cause
278,"Mr. Vaux said that if no agreement is reached, other buyers will be sought by bid or auction. ",agreement,sought,0 0 0 0 0 0 cause 0 0 0 0 0 0 0 effect 0 0 0 0 0,cause
279,"In addition, Courtaulds said the moves are logical because they will allow both the chemicals and textile businesses to focus more closely on core activities.    ",moves,focus,0 0 0 0 0 0 condition 0 0 0 0 0 0 0 0 0 0 0 0 0 effect 0 0 0 0 0 0 0,enable
280,DD Acquisition said the extension is to allow this process to be completed.,extension,completed,0 0 0 0 condition 0 0 0 0 0 0 0 effect 0,enable
281,Each right entitles the shareholder  to buy $100 face amount of 13.5% bonds due 1993 and warrants  to buy 23.5 common shares at 30 cents a share.,right,buy,0 condition 0 0 0 0 effect 0 0 0 0 0 0 0 0 0 0 0 0 0 effect 0 0 0 0 0 0 0 0 0,enable
282,Each right entitles the shareholder  to buy $100 face amount of 13.5% bonds due 1993 and warrants  to buy 23.5 common shares at 30 cents a share.,right,buy,0 condition 0 0 0 0 effect 0 0 0 0 0 0 0 0 0 0 0 0 0 effect 0 0 0 0 0 0 0 0 0,enable
283,Dow Jones said it extended the offer to allow shareholders time to review a supplement to the Dow Jones tender offer circular that it mailed last Friday.,extended,review,0 0 0 0 condition 0 0 0 0 0 0 0 effect 0 0 0 0 0 0 0 0 0 0 0 0 0 0 0,enable
284,"Canada's largest department store operator said the rights offering will entitle holders of its ordinary shares, except residents in the U.S. and Britain, to subscribe for two additional shares for every five shares held at a price of C$31.25 a share. ",offering,subscribe,0 0 0 0 0 0 0 0 0 condition 0 0 0 0 0 0 0 0 0 0 0 0 0 0 0 0 0 effect 0 0 0 0 0 0 0 0 0 0 0 0 0 0 0 0 0 0,enable
285,"The approval, which had been expected, permits West Germany's second-largest bank to acquire shares of the French investment bank.    ",approval,acquire,0 condition 0 0 0 0 0 0 0 0 0 0 0 0 0 0 0 effect 0 0 0 0 0 0 0 0,enable
286,"Prime Minister Margaret Thatcher might , however , be receptive to any request by Jaguar Chairman Sir John Egan for the restriction's early removal to let GM amass more than 15% or mount a friendly suitor bid against Ford. ",removal,amass,0 0 0 0 0 0 0 0 0 0 0 0 0 0 0 0 0 0 0 0 0 0 0 0 condition 0 0 0 effect 0 0 0 0 0 0 0 0 0 0 0 0 0,enable
287,"Prime Minister Margaret Thatcher might , however , be receptive to any request by Jaguar Chairman Sir John Egan for the restriction's early removal to let GM amass more than 15% or mount a friendly suitor bid against Ford. ",removal,mount,0 0 0 0 0 0 0 0 0 0 0 0 0 0 0 0 0 0 0 0 0 0 0 0 condition 0 0 0 0 0 0 0 0 0 effect 0 0 0 0 0 0 0,enable
288,But even continued military success carries political anddiplomatic risks for President Bush and the U.S. The alliedrejection of the last-minute Soviet-led diplomatic effort to avoid the ground war enabled Mr. Bush to seize the initiativefrom an Iraq seemingly bent on dictating peace terms.,rejection,seize,0 0 0 0 0 0 0 0 0 0 0 0 0 0 0 0 0 0 0 0 0 0 0 0 0 0 0 0 0 0 0 0 0 0 0 0 effect 0 0 0 0 0 0 0 0 0 0 0,enable
289,"The White House yesterday disclosed that Kuwait's ousted government has formally asked the U.S. to enforce the total trade embargo the United Nations has imposed on Iraq, allowing the U.S. and other nations to immediately begin stopping ships carrying Iraqi goods.   ",enforce,begin,0 0 0 0 0 0 0 0 0 0 0 0 0 0 0 0 condition 0 0 0 0 0 0 0 0 0 0 0 0 0 0 0 0 0 0 0 0 effect 0 0 0 0 0 0 0,enable
290,"The ban would prevent Al-Muhajiroun from having meetings or raising money, and it would make attending a meeting or being a member of the group a crime.",prevent,attending,0 0 0 prevention 0 0 0 0 0 0 0 0 0 0 0 0 0 0 effect 0 0 0 0 0 0 0 0 0 0 0 0,prevent
291,"On Friday, Iran's foreign minister said he believes a solution will be reached over a proposed deal to export uranium for enrichment abroad, a demand of Western nations that worry that Tehran plans to use its program to build nuclear weapons.""",use,build,0 0 0 0 0 0 0 0 0 0 0 0 0 0 0 0 0 0 0 0 0 0 0 0 0 0 0 0 0 0 0 0 0 0 0 0 0 intention 0 0 0 effect 0 0 0 0,intend
292,Several Google users and fans gathered in front of the company's China headquarters in northwest Beijing to express support for Internet freedom.,gathered,express,0 0 0 0 0 intention 0 0 0 0 0 0 0 0 0 0 0 0 effect 0 0 0 0 0,intend
293,"My first and only guest this week : Secretary of State Hillary Clinton on the biggest threats to Americans, and whether she really thinks the current Afghan government can pull it together so U.S. troops can come home.",pull,come,0 0 0 0 0 0 0 0 0 0 0 0 0 0 0 0 0 0 0 0 0 0 0 0 0 0 0 0 0 0 cause 0 0 0 0 0 0 effect 0 0,cause
294,"After a severe earthquake centered in Pakistan's Kashmir province killed more than 70,000 people in 2005, teams from a nonprofit architecture group based in London, England, helped the region start to rebuild.",killed,helped,0 0 0 0 0 0 0 0 0 0 cause 0 0 0 0 0 0 0 0 0 0 0 0 0 0 0 0 0 0 0 effect 0 0 0 0 0 0,cause
295,"After a severe earthquake centered in Pakistan's Kashmir province killed more than 70,000 people in 2005, teams from a nonprofit architecture group based in London, England, helped the region start to rebuild.",helped,rebuild,0 0 0 0 0 0 0 0 0 0 0 0 0 0 0 0 0 0 0 0 0 0 0 0 0 0 0 0 0 0 cause 0 0 0 0 effect 0,cause
296,"I'm sure the problem that we saw in Pakistan is shared in Haiti -- in that concrete buildings have been built poorly, without adequate technical supervision, and have proved very vulnerable to the earthquake.",built,proved,0 0 0 0 0 0 0 0 0 0 0 0 0 0 0 0 0 0 0 0 0 cause 0 0 0 0 0 0 0 0 0 effect 0 0 0 0 0 0,cause
297,"Even before her 18th birthday, Maria had already been enslaved by a gang of human traffickers and held in captivity for four months in her homeland of Mexico.",enslaved,held,0 0 0 0 0 0 0 0 0 0 cause 0 0 0 0 0 0 0 effect 0 0 0 0 0 0 0 0 0 0 0,cause
298,"While a prisoner, Maria witnessed a sickening trade in human life and recalls how young girls were drugged, forced into prostitution and then murdered.",witnessed,forced,0 0 0 0 0 cause 0 0 0 0 0 0 0 0 0 0 0 0 0 0 effect 0 0 0 0 0 0,cause
299,"While a prisoner, Maria witnessed a sickening trade in human life and recalls how young girls were drugged, forced into prostitution and then murdered.",witnessed,murdered,0 0 0 0 0 cause 0 0 0 0 0 0 0 0 0 0 0 0 0 0 0 0 0 0 0 effect 0,cause
300,What makes Maria's story so special is that she was one of the lucky ones who were able to escape.,escape,makes,0 effect 0 0 0 0 0 0 0 0 0 0 0 0 0 0 0 0 0 0 cause 0,cause
301,"Even though the girl was on fire they kept hitting her and they were laughing as if they were enjoying what they were doing. """,enjoying,laughing,0 0 0 0 0 0 0 0 0 0 0 0 0 0 effect 0 0 0 0 cause 0 0 0 0 0 0,cause
302,"Maria described a cross-border trade in young children and babies -- with orders coming in regularly from the U.S."" They stole the children and one of the gang members took a six-year-old kid that I had to look after for three hours.""",took,look,0 0 0 0 0 0 0 0 0 0 0 0 0 0 0 0 0 0 0 0 0 0 0 0 0 0 0 0 0 0 0 0 cause 0 0 0 0 0 0 0 0 0 0 0 effect 0 0 0 0 0 0,cause
303,He told me he wanted to see his mummy then I started crying and said'I do n't think you're ever going to see your mummy again.',told,crying,0 cause 0 0 0 0 0 0 0 0 0 0 effect 0 0 0 0 0 0 0 0 0 0 0 0 0 0 0 0,cause
304,He told me he wanted to see his mummy then I started crying and said'I do n't think you're ever going to see your mummy again.',wanted,crying,0 0 0 0 cause 0 0 0 0 0 0 0 effect 0 0 0 0 0 0 0 0 0 0 0 0 0 0 0 0,cause
305,"""The claims that Maria made were so serious that she was asked by the Department of Homeland Security to come to the U.S. to tell her story.",made,asked,0 0 0 0 0 cause 0 0 0 0 0 0 effect 0 0 0 0 0 0 0 0 0 0 0 0 0 0 0 0,cause
306,"Female Facebookers started catching on this week as a message made its rounds through the inboxes of the social media network.""",made,started,0 0 effect 0 0 0 0 0 0 0 cause 0 0 0 0 0 0 0 0 0 0 0 0,cause
307,"Female Facebookers started catching on this week as a message made its rounds through the inboxes of the social media network.""",made,catching,0 0 0 effect 0 0 0 0 0 0 cause 0 0 0 0 0 0 0 0 0 0 0 0,cause
308,"It's an ideal example of how an individual voice can be magnified to create awareness for a good cause and ignite action among millions by using a site like Facebook. """,using,magnified,0 0 0 0 0 0 0 0 0 0 0 0 effect 0 0 0 0 0 0 0 0 0 0 0 0 0 cause 0 0 0 0 0 0,cause
309,"Many of our staff have tried to leave, but were unsuccessful because the walls from buildings and private residences are falling into the streets, so that it has pretty much blocked significantly most of the traffic. """,falling,blocked,0 0 0 0 0 0 0 0 0 0 0 0 0 0 0 0 0 0 0 0 0 cause 0 0 0 0 0 0 0 0 0 0 effect 0 0 0 0 0 0 0,cause
310,Read what people in Haiti are saying via social media Haiti's government is backed by a U.N. peacekeeping mission established after the ouster of former President Jean-Bertrand Aristide in 2004.,established,backed,0 0 0 0 0 0 0 0 0 0 0 0 0 0 effect 0 0 0 0 0 cause 0 0 0 0 0 0 0 0 0 0 0 0 0,cause
311,"Outside the capital, several people were hurt when they rushed to get out of a school in the southwestern city of Les Cayes, said the Rev.",rushed,hurt,0 0 0 0 0 0 0 effect 0 0 cause 0 0 0 0 0 0 0 0 0 0 0 0 0 0 0 0 0,cause
312,That has led to severe erosion and left Haitians vulnerable to massive landslides when heavy rains fall.,fall,led,0 0 effect 0 0 0 0 0 0 0 0 0 0 0 0 0 cause 0,cause
313,"And in 2004, Hurricane Jeanne killed more than 3,000 people as it passed north of Haiti, with most of the deaths in the northwestern city of Gonaives.",passed,killed,0 0 0 0 0 0 effect 0 0 0 0 0 0 cause 0 0 0 0 0 0 0 0 0 0 0 0 0 0 0 0,cause
314,"The reality is that there is more demand than supply, and the increase in demand and decrease in supply is growing, so it makes a big difference how we're going to decide who's going to allocate water. """,growing,decide,0 0 0 0 0 0 0 0 0 0 0 0 0 0 0 0 0 0 0 0 0 cause 0 0 0 0 0 0 0 0 0 0 0 0 effect 0 0 0 0 0 0 0 0,cause
315,"The debate over how to alleviate those shortages has intensified in recent years, pitching advocates of privatization programs against those who say water is a public good and that its collection and distribution should remain in the public sector.",intensified,pitching,0 0 0 0 0 0 0 0 0 cause 0 0 0 0 effect 0 0 0 0 0 0 0 0 0 0 0 0 0 0 0 0 0 0 0 0 0 0 0 0 0 0,cause
316,Lawmakers have been accused of carving district lines around the constituents that will give their party an advantage and secure political gains.,carving,give,0 0 0 0 0 cause 0 0 0 0 0 0 0 effect 0 0 0 0 0 0 0 0 0,cause
317,The Texas legislature adopted the plan in 2003 after three contentious special sessions called by Republican Gov.,called,adopted,0 0 0 effect 0 0 0 0 0 0 0 0 0 cause 0 0 0,cause
318,The more pressing issue for Prewitt is making sure everyone is counted because he said those who are n't counted will be treated unfairly in the political process and in the allocation of economic benefits.,counted,said,0 0 0 0 0 0 0 0 0 0 0 cause 0 0 effect 0 0 0 0 cause 0 0 0 0 0 0 0 0 0 0 0 0 0 0 0 0,cause
319,"As the census gets underway, Prewitt said trying to count everyone, as mandated by the Constitution, should be the top concern.""",mandated,trying,0 0 0 0 0 0 0 0 effect 0 0 0 0 0 cause 0 0 0 0 0 0 0 0 0 0 0,cause
320,The company said it was checking the brakes on the Lexus vehicle model HS250h -- as well as a Japanese model called the Sai -- because they use the same system as that used on the 2010 Toyota Prius.,use,checking,0 0 0 0 0 effect 0 0 0 0 0 0 0 0 0 0 0 0 0 0 0 0 0 0 0 0 0 cause 0 0 0 0 0 0 0 0 0 0 0 0,cause
321,The company has acknowledged a software glitch that is causing problems with its braking.,causing,acknowledged,0 0 0 effect 0 0 0 0 0 cause 0 0 0 0 0,cause
322,"NHTSA said its Office of Defects investigation has received 124 reports from consumers about problems with the Prius brakes, including four reports that involved crashes and two that resulted in injuries.",involved,received,0 0 0 0 0 0 0 0 effect 0 0 0 0 0 0 0 0 0 0 0 0 0 0 0 cause 0 0 0 0 0 0 0 0,cause
323,Investigators have spoken with consumers and conducted preliminary field work.,spoken,conducted,0 0 cause 0 0 0 effect 0 0 0 0,cause
324,"Even if the solution ends up being a relatively simple and inexpensive software adjustment, the Prius braking problems come at a bad time for Toyota, which has seen its prized reputation for quality and safety badly damaged by the recalls and the news attention given to them.",given,damaged,0 0 0 0 0 0 0 0 0 0 0 0 0 0 0 0 0 0 0 0 0 0 0 0 0 0 0 0 0 0 0 0 0 0 0 0 0 0 effect 0 0 0 0 0 0 0 cause 0 0 0,cause
325,"As many as 150 members of the U.N. mission in Haiti remained unaccounted for Wednesday afternoon following an earthquake that inflicted massive damage on the Caribbean nation's capital, U.N. officials said Wednesday.",inflicted,remained,0 0 0 0 0 0 0 0 0 0 0 effect 0 0 0 0 0 0 0 0 cause 0 0 0 0 0 0 0 0 0 0 0 0 0 0,cause
326,"Another 16 members of the Brazilian-led peacekeeping force deployed in Haiti are confirmed dead, U.N. Secretary-General Ban Ki-moon said Wednesday night -- three Jordanian police officers, one Argentinean and one Chadian police officer, and 11 Brazilian peacekeepers.",deployed,confirmed,0 0 0 0 0 0 0 0 0 0 cause 0 0 0 effect 0 0 0 0 0 0 0 0 0 0 0 0 0 0 0 0 0 0 0 0 0 0 0 0 0 0 0 0 0 0 0 0,cause
327,"Democrats lost their 60-vote, filibuster-proof Senate majority in January, when GOP Sen. Scott Brown won the Massachusetts Senate seat previously held by the late Sen. Ted Kennedy, a Democrat.",won,lost,0 effect 0 0 0 0 0 0 0 0 0 0 0 0 0 0 0 0 0 0 cause 0 0 0 0 0 0 0 0 0 0 0 0 0 0 0 0,cause
328,"Republicans have angrily criticized the Democrats' potential use of reconciliation, arguing that the maneuver was never intended to be used for major policy overhauls along the lines of the health care bill.",criticized,used,0 0 0 cause 0 0 0 0 0 0 0 0 0 0 0 0 0 0 0 0 0 effect 0 0 0 0 0 0 0 0 0 0 0 0 0,cause
329,The arctic blast that began last weekend has been blamed for at least seven deaths across the nation.,began,blamed,0 0 0 0 cause 0 0 0 0 effect 0 0 0 0 0 0 0 0 0,cause
330,"Yesterday alone, the city [ Memphis ] went around to turn on the heat for homes when people have not been able to pay [ their utility bills ]. """,pay,turn,0 0 0 0 0 0 0 0 0 0 0 effect 0 0 0 0 0 0 0 0 0 0 0 0 cause 0 0 0 0 0 0 0,cause
331,"Alabama issued a warning to drivers Thursday night, urging them to stay off icy roads as driving conditions were "" becoming dangerous "" with numerous accidents reported.",becoming,urging,0 0 0 0 0 0 0 0 0 effect 0 0 0 0 0 0 0 0 0 0 0 cause 0 0 0 0 0 0 0,cause
332,"But, he said football was helping keep people at home as University of Alabama fans cheered on their team in the National Championship Game against the University of Texas.",cheered,keep,0 0 0 0 0 0 0 effect 0 0 0 0 0 0 0 0 cause 0 0 0 0 0 0 0 0 0 0 0 0 0 0,cause
333,"Florida Fish &amp; Wildlife officers have rescued 120 sea turtles after water temperatures in the 40s shocked their tropically inclined systems, according to CNN affiliate WPBF.""",rescued,shocked,0 0 0 0 0 0 0 0 cause 0 0 0 0 0 0 0 0 0 effect 0 0 0 0 0 0 0 0 0 0 0 0,cause
334,The protests -- on the Shiite Muslim holy day Ashura -- were the deadliest since opposition Iranians took to the streets after the disputed June 12 presidential election.,disputed,took,0 0 0 0 0 0 0 0 0 0 0 0 0 0 0 0 0 effect 0 0 0 0 0 cause 0 0 0 0 0,cause
335,"Moussavi has thereby accepted that he has issued statements even before this, based on which people took to the streets.",took,issued,0 0 0 0 0 0 0 effect 0 0 0 0 0 0 0 0 0 cause 0 0 0 0,cause
336,Israel criticized Turkey Monday for a Turkish television series that it said depicted Israeli intelligence agents as baby-snatchers.,depicted,criticized,0 effect 0 0 0 0 0 0 0 0 0 0 cause 0 0 0 0 0 0 0 0,cause
337,"Several senior Israeli Foreign Ministry sources, who did n't want to be named because it would jeopardize their jobs, criticized Ayalon's treatment of Turkish Ambassador Ahmet Oguz Celikkol at the start of their meeting Monday.",criticized,want,0 0 0 0 0 0 0 0 0 0 effect 0 0 0 0 0 0 0 0 0 0 cause 0 0 0 0 0 0 0 0 0 0 0 0 0 0 0 0 0,cause
338,"Because it says'I possess the power in this region,' "" the news agency quoted Erdogan as saying of Israel.""",saying,quoted,0 0 0 0 0 0 0 0 0 0 0 0 0 0 0 effect 0 0 cause 0 0 0 0,cause
339,"The series "" Valley of the Wolves "" first aired in 2003 on Turkish television, followed by a 2006 movie of the same name that stirred controversy with its portrayal of American soldiers in Iraq and what some described as thinly-veiled anti-Semitism.",aired,described,0 0 0 0 0 0 0 0 0 cause 0 0 0 0 0 0 0 0 0 0 0 0 0 0 0 0 0 0 0 0 0 0 0 0 0 0 0 0 0 effect 0 0 0 0 0 0 0 0,cause
340,"Choudary has never announced a date for his march and area police said he had not contacted them about it, as march organizers are required to do beforehand.",required,announced,0 0 0 effect 0 0 0 0 0 0 0 0 0 0 0 0 0 0 0 0 0 0 0 0 0 cause 0 0 0 0,cause
341,"Japan's unemployment rate fell below 5 per cent for the first time in a year in January, according to data released on Tuesday, as strong exports fed into a strengthening economic recovery.",fell,fed,0 0 0 0 cause 0 0 0 0 0 0 0 0 0 0 0 0 0 0 0 0 0 0 0 0 0 0 0 0 effect 0 0 0 0 0 0,cause
342,"Japan registered its biggest year-on-year increase in exports in almost 30 years in January, prompting manufacturers to hire more people who, in turn, spent more.",registered,prompting,0 cause 0 0 0 0 0 0 0 0 0 0 0 0 0 0 0 0 0 effect 0 0 0 0 0 0 0 0 0 0 0 0 0,cause
343,"Japan registered its biggest year-on-year increase in exports in almost 30 years in January, prompting manufacturers to hire more people who, in turn, spent more.",registered,hire,0 cause 0 0 0 0 0 0 0 0 0 0 0 0 0 0 0 0 0 0 0 0 effect 0 0 0 0 0 0 0 0 0 0,cause
344,"Consumption rose 1.7 per cent in January from the same period last year, based on a price-adjusted basis, thanks to government subsidies for purchases of automobiles and household electronics, according to a separate report released on Tuesday.",released,rose,0 effect 0 0 0 0 0 0 0 0 0 0 0 0 0 0 0 0 0 0 0 0 0 0 0 0 0 0 0 0 0 0 0 0 0 0 0 0 0 cause 0 0 0,cause
345,"Since hitting a record 5.6 per cent in July last year, Japan's jobless rate has been falling steadily after it launched an emergency programme to create 100,000 jobs in October to ease the worsening social effects of high unemployment.",launched,falling,0 0 0 0 0 0 0 0 0 0 0 0 0 0 0 0 0 0 effect 0 0 0 cause 0 0 0 0 0 0 0 0 0 0 0 0 0 0 0 0 0 0 0,cause
346,"But in recent years as Spain has enlisted increased cooperation from France in cracking down on ETA hideouts, there have been various exchanges of gunfire between ETA suspects and French police, wounding some officers.",enlisted,wounding,0 0 0 0 0 0 0 cause 0 0 0 0 0 0 0 0 0 0 0 0 0 0 0 0 0 0 0 0 0 0 0 0 0 effect 0 0 0,cause
347,"The number of those hospitalized climbed from the 34 reported Saturday, because information has trickled in from area hospitals, Khan said.",trickled,climbed,0 0 0 0 0 effect 0 0 0 0 0 0 0 0 0 cause 0 0 0 0 0 0 0 0,cause
348,"The tipping point came after what Google calls "" sophisticated "" cyber attacks originating from within China, targeting G-mail accounts of Chinese human rights activists.",originating,came,0 0 0 effect 0 0 0 0 0 0 0 0 0 cause 0 0 0 0 0 0 0 0 0 0 0 0 0 0 0,cause
349,"I imagine the Chinese government's reaction is going to be'Well, if you do n't like our laws, get lost.'",be'Well,lost,0 0 0 0 0 0 0 0 0 0 cause 0 0 0 0 0 0 0 0 0 0 effect 0 0,cause
350,"Known for its slogan "" do n't do evil, "" Google's new position drew praise from supporters of free speech, who in the past have been critical of the search engine for agreeing to government censorship as a condition for opening its doors in China.""",Known,drew,cause 0 0 0 0 0 0 0 0 0 0 0 0 0 0 effect 0 0 0 0 0 0 0 0 0 0 0 0 0 0 0 0 0 0 0 0 0 0 0 0 0 0 0 0 0 0 0 0 0 0,cause
351,"They've revisited the idea of censorship and the price they're paying is too high, "" says Roseann Rife of Amnesty International.""",revisited,paying,0 0 cause 0 0 0 0 0 0 0 0 0 effect 0 0 0 0 0 0 0 0 0 0 0 0 0,cause
352,"The Google.cn filter, which returns censored search results, was created after the original form of the U.S. - based search engine was routinely slowed or blocked by China's Internet controls.",blocked,created,0 0 0 0 0 0 0 0 0 0 0 effect 0 0 0 0 0 0 0 0 0 0 0 0 0 0 0 cause 0 0 0 0 0 0,cause
353,"The Google.cn filter, which returns censored search results, was created after the original form of the U.S. - based search engine was routinely slowed or blocked by China's Internet controls.",slowed,created,0 0 0 0 0 0 0 0 0 0 0 effect 0 0 0 0 0 0 0 0 0 0 0 0 0 cause 0 0 0 0 0 0 0 0,cause
354,Conservationists have welcomed the decision to reject a bid from Tanzania and Zambia to temporarily suspend a worldwide ban on trading in African elephant ivory so they can offload legal stockpiles in a one-off sale.,suspend,offload,0 0 0 0 0 0 0 0 0 0 0 0 0 0 0 cause 0 0 0 0 0 0 0 0 0 0 0 0 effect 0 0 0 0 0 0 0 0 0,cause
355,CITES banned the international commercial ivory trade in 1989 after elephant populations dropped dramatically across the world due to widespread poaching.,dropped,banned,0 effect 0 0 0 0 0 0 0 0 0 0 cause 0 0 0 0 0 0 0 0 0,cause
356,"A few people do think he is a real character, particularly with the tour of his house on'Baker Street' adding fuel to the fire so to speak, "" Mark Di-Toro from Visit Britain said.""",adding,think,0 0 0 0 effect 0 0 0 0 0 0 0 0 0 0 0 0 0 0 0 0 cause 0 0 0 0 0 0 0 0 0 0 0 0 0 0 0 0 0 0 0,cause
357,"In time that gets noticed within your organization, and when it gets noticed within an organization, it tends to get noticed outside. """,noticed,noticed,0 0 0 0 cause 0 0 0 0 0 0 0 0 cause 0 0 0 0 0 0 0 0 cause 0 0 0,cause
358,"If you really believe a business issue is interesting, writing a letter to an editor of a newspaper and getting it published is a way of raising your profile.",published,raising,0 0 0 0 0 0 0 0 0 0 0 0 0 0 0 0 0 0 0 0 0 0 cause 0 0 0 0 effect 0 0 0,cause
359,"Elected in 1810, he signed an obscure redistricting bill that enabled greater and perhaps disproportionate Republican representation in the Massachusetts legislature.",signed,enabled,0 0 0 0 0 condition 0 0 0 0 0 effect 0 0 0 0 0 0 0 0 0 0 0,enable
